StaffID,FirstName,LastName,PhoneNumber,Email,Sex,WarehouseID
361921,Errick,Ballin,278-439-1014,eballin0@craigslist.org,Male,KUM-591092
481537,Allsun,Huyghe,626-767-6173,ahuyghe1@ameblo.jp,Male,DNX-180290
654649,Orrin,Petch,784-549-1583,opetch2@princeton.edu,Female,RUQ-467939
982672,Natty,Tipens,204-871-7417,ntipens3@omniture.com,Male,QDW-346668
620650,Krishnah,Farlane,696-667-1041,kfarlane4@ibm.com,Male,VPW-750702
459704,Boote,de Chastelain,269-451-1497,bdechastelain5@army.mil,Female,VYW-722628
247325,Eleen,Pentony,177-959-1317,epentony6@dell.com,Male,LHN-479192
475242,Ado,Gillott,796-839-9791,agillott7@nsw.gov.au,Female,QUE-153962
147731,Maxie,Valerio,731-484-0902,mvalerio8@dedecms.com,Male,LAP-583502
356661,Madelina,Revett,131-634-2065,mrevett9@narod.ru,Male,IUM-943872
832075,Teressa,Bukac,586-169-3986,tbukaca@google.nl,Male,AAM-109166
236185,Padraig,Gilardi,765-249-3229,pgilardib@microsoft.com,Male,YEV-075837
41326,Geoffry,MacPaik,253-405-9941,gmacpaikc@huffingtonpost.com,Male,XXI-197887
110145,Alina,Mathers,745-222-3683,amathersd@sakura.ne.jp,Male,UPQ-790660
857752,Nevin,Denison,343-622-8996,ndenisone@nifty.com,Male,OLI-540237
881815,Shandeigh,Lithgow,161-486-2204,slithgowf@virginia.edu,Male,HQV-584986
272592,Catarina,Patis,985-330-1489,cpatisg@ebay.com,Female,ASO-811694
688995,Thatch,Mumberson,381-594-6885,tmumbersonh@salon.com,Female,BVK-618139
863354,Kaia,Billingsly,991-680-2895,kbillingslyi@amazon.de,Female,KBR-013223
962344,Quinta,Clewley,357-184-7841,qclewleyj@cisco.com,Male,PAI-531239
357205,Briggs,Jozaitis,306-852-0443,bjozaitisk@slideshare.net,Male,JJL-325458
975254,Jojo,Sweatland,806-705-3317,jsweatlandl@tripod.com,Female,PKH-142279
956011,Hazlett,Matzke,177-441-7630,hmatzkem@kickstarter.com,Male,HDH-487201
686839,Norene,Pydcock,302-991-1970,npydcockn@samsung.com,Female,BFS-055268
872405,Amory,Dearell,374-903-4556,adearello@mapquest.com,Male,AYZ-018685
578462,Andra,Vanichev,554-931-2417,avanichevp@woothemes.com,Female,UZN-919848
725042,Reeta,McClintock,396-933-1771,rmcclintockq@smugmug.com,Female,FHL-438058
277481,Fayth,Costello,698-839-0128,fcostellor@reference.com,Male,YAV-705646
482872,Donica,Lymer,619-337-5168,dlymers@huffingtonpost.com,Female,CTL-569133
790006,Lenore,Ferrettini,303-245-2825,lferrettinit@paginegialle.it,Female,ZTS-863761
980492,Ted,Henderson,896-427-6477,thendersonu@zdnet.com,Female,BLD-012803
657167,Cosette,Paydon,228-773-8157,cpaydonv@wikia.com,Male,EGV-972369
985447,Janie,Doige,974-688-5209,jdoigew@msu.edu,Female,PLD-656563
331388,Arv,McCoveney,398-315-0753,amccoveneyx@ezinearticles.com,Male,RYD-094023
404118,Nicoline,Siviter,842-440-3671,nsivitery@drupal.org,Male,WZL-832667
958359,Merwyn,Ewbank,890-795-0932,mewbankz@techcrunch.com,Female,GJM-365285
674180,Osmund,Hullock,915-594-8192,ohullock10@techcrunch.com,Female,HZB-359060
392731,Emelita,Naish,758-905-9256,enaish11@cnet.com,Female,DVH-317924
227647,Tanney,McDonough,201-771-8692,tmcdonough12@aboutads.info,Female,ORK-369890
241308,Thorny,Sartain,451-961-2835,tsartain13@msu.edu,Male,DMN-605807
633820,Hana,Graal,641-878-9103,hgraal14@google.com.hk,Female,YDX-606247
780399,Elsy,Sycamore,828-382-6755,esycamore15@hostgator.com,Male,RTB-641486
724036,Lyle,Blizard,726-292-1063,lblizard16@cmu.edu,Female,JHN-477003
786475,Maximilien,Whitfield,105-291-0173,mwhitfield17@unicef.org,Male,ULR-630988
55544,Loydie,Walkling,454-673-6162,lwalkling18@bing.com,Male,HMS-049121
795772,Jayme,Aucutt,155-518-2708,jaucutt19@youtu.be,Female,CPZ-430281
246001,Berte,Hullett,306-876-9942,bhullett1a@wufoo.com,Female,HIZ-153008
951977,Garner,Shankle,818-207-8383,gshankle1b@studiopress.com,Female,YNR-942617
356517,Emlynn,Schule,778-498-8003,eschule1c@aol.com,Male,UJZ-448590
730316,Peder,Carnie,823-274-1652,pcarnie1d@ehow.com,Male,JYK-790637
979798,Adaline,Hackworth,466-404-1064,ahackworth1e@marriott.com,Male,BLJ-301736
999265,Faulkner,Gooderson,211-455-7916,fgooderson1f@nyu.edu,Male,PKM-646723
491246,Kellyann,Lycett,880-882-6970,klycett1g@ucsd.edu,Male,KXR-589682
178501,Dodi,Antrack,384-365-4157,dantrack1h@msn.com,Female,EFE-960467
403843,Austin,Dinsale,728-772-4699,adinsale1i@guardian.co.uk,Male,BCU-628974
705722,Raimondo,Olyfat,527-245-0655,rolyfat1j@pcworld.com,Male,BIJ-884817
110849,Roberto,Wixey,649-165-5173,rwixey1k@state.tx.us,Male,RWJ-261144
743097,Mariska,Paddemore,483-697-7086,mpaddemore1l@theglobeandmail.com,Male,RNQ-941492
815494,Marrissa,Bustin,870-356-1491,mbustin1m@nationalgeographic.com,Female,WOK-524029
243346,Deck,Verbrugghen,526-808-2427,dverbrugghen1n@toplist.cz,Male,ARN-183761
831336,Christa,Oulett,277-755-1832,coulett1o@washington.edu,Female,OTD-172283
653293,Cullie,Lomax,113-245-4840,clomax1p@ihg.com,Female,HLB-201158
588936,Arabele,Shervington,773-900-5617,ashervington1q@flavors.me,Male,FYV-896752
746686,Nancee,Falkingham,476-762-1437,nfalkingham1r@i2i.jp,Male,IDQ-607803
231769,Nikolos,Kerbey,383-373-9357,nkerbey1s@plala.or.jp,Male,WTW-373948
330728,Gareth,Khadir,429-983-8805,gkhadir1t@sfgate.com,Female,TGA-037245
384168,Gweneth,King,927-893-2371,gking1u@eepurl.com,Male,XQP-968432
401365,Rani,Mulcaster,636-248-9830,rmulcaster1v@washingtonpost.com,Female,GHO-014052
212162,Kitti,Dennison,496-484-4314,kdennison1w@com.com,Male,CSR-698574
952626,John,Boodell,297-611-5259,jboodell1x@hp.com,Female,NTC-411144
88112,Claudie,Wiffill,332-479-8488,cwiffill1y@fc2.com,Female,OTM-410285
781663,Rafferty,Chazelas,898-218-4338,rchazelas1z@exblog.jp,Female,HMX-845249
413473,Staci,Franklen,209-534-4200,sfranklen20@nbcnews.com,Male,ZVB-640077
340698,Karita,Snead,819-803-8479,ksnead21@nsw.gov.au,Male,COJ-728182
52133,Rod,Klaiser,400-327-7492,rklaiser22@domainmarket.com,Female,HNQ-296071
976825,Creighton,Mangam,478-918-8470,cmangam23@live.com,Female,OHR-118569
368232,Darren,Arnauduc,807-516-3341,darnauduc24@hostgator.com,Female,VWL-109136
848403,Bekki,Benoy,821-782-0921,bbenoy25@sourceforge.net,Male,DUI-298998
40775,Wally,Bloxam,632-483-5693,wbloxam26@wikia.com,Male,SEL-503926
62590,Dolph,Cracoe,745-317-6065,dcracoe27@gizmodo.com,Male,DSW-405023
325766,Goldia,Yellowlees,366-167-4325,gyellowlees28@forbes.com,Female,DYK-610641
10962,Shayla,Strevens,754-363-9559,sstrevens29@wp.com,Female,EJS-523447
648600,Marty,Candwell,745-349-1447,mcandwell2a@google.es,Female,SIC-100559
600915,Malissia,Stichall,212-836-2391,mstichall2b@geocities.jp,Male,PAO-574344
119265,Hill,Jonczyk,993-165-9874,hjonczyk2c@adobe.com,Female,SOA-629224
675963,Verine,Strasse,866-312-8122,vstrasse2d@vkontakte.ru,Male,JME-178621
307834,Quinn,Plumridge,355-400-3161,qplumridge2e@wikia.com,Female,LRG-409640
427448,Jarrod,Molyneux,903-138-2367,jmolyneux2f@plala.or.jp,Male,ZPF-011250
100431,Hamlin,Denisot,212-704-2503,hdenisot2g@sogou.com,Male,RYQ-741122
556722,Goober,Hovard,906-465-5524,ghovard2h@deviantart.com,Male,GQI-562018
827618,Fancie,Le Monnier,850-358-7367,flemonnier2i@is.gd,Male,WSJ-774392
531236,Verla,Garrish,149-569-6731,vgarrish2j@taobao.com,Female,QID-051081
645902,Celestine,Tollet,940-370-5277,ctollet2k@pagesperso-orange.fr,Male,OLP-958581
701318,Leonora,Vanyashin,745-230-0774,lvanyashin2l@goo.ne.jp,Male,QWL-054461
753057,Alysia,Colafate,838-701-9515,acolafate2m@ocn.ne.jp,Male,PZD-461464
108930,Nahum,Gaymer,131-926-6637,ngaymer2n@guardian.co.uk,Male,VFK-914070
896934,Tricia,Pratty,930-805-2142,tpratty2o@goodreads.com,Male,LDX-481061
725514,Demetra,Buyers,728-416-6845,dbuyers2p@macromedia.com,Female,SLB-982118
996982,Fredrika,Tilby,784-900-5734,ftilby2q@accuweather.com,Female,IHL-742013
518770,Gerrilee,Hadden,207-308-9936,ghadden2r@slideshare.net,Male,OLT-070117
46426,Gwenore,Tumilty,642-277-7408,gtumilty2s@yahoo.co.jp,Female,QTX-839005
43679,Kelly,Giblett,334-296-6470,kgiblett2t@gizmodo.com,Female,LJD-769203
67099,Caprice,Fursse,705-622-3245,cfursse2u@e-recht24.de,Female,DZJ-236948
937715,Siegfried,Latek,421-724-0899,slatek2v@theatlantic.com,Female,HGL-361394
177141,Rhianon,Frisdick,830-931-8981,rfrisdick2w@hugedomains.com,Female,JOL-523302
738719,Elmira,Heaffey,141-611-8719,eheaffey2x@sogou.com,Female,OOZ-205346
752253,Dagmar,Kobke,451-201-7547,dkobke2y@google.com,Female,UYO-509546
988378,Ella,Woodrow,958-221-1243,ewoodrow2z@xrea.com,Female,HXF-772067
504338,Any,Sunnex,773-252-7242,asunnex30@tamu.edu,Male,ZTD-312230
144247,Kimberlee,O'Sheils,734-173-3549,kosheils31@epa.gov,Female,IYA-508141
988306,Faun,Lynde,439-623-8676,flynde32@opera.com,Male,IJA-214780
882425,Jeth,Paddock,312-912-6624,jpaddock33@fda.gov,Male,TTJ-850860
721014,Eddi,Reuss,195-119-0780,ereuss34@ucoz.ru,Female,XEB-110511
799578,Kaye,Wilfinger,603-617-9107,kwilfinger35@1und1.de,Male,OVF-682438
104325,Dulciana,Iacavone,400-587-5276,diacavone36@state.tx.us,Female,KQW-993276
395933,Imelda,Burdess,801-469-6890,iburdess37@storify.com,Female,FQC-654406
963313,Ash,Shanks,120-513-3477,ashanks38@usa.gov,Female,SFD-396791
355204,Evaleen,Austins,255-234-7881,eaustins39@altervista.org,Male,WXJ-118189
748088,Desiree,Densun,367-450-2429,ddensun3a@a8.net,Female,HDK-236748
442511,Vernor,Reace,288-658-1127,vreace3b@w3.org,Female,DGX-594520
579651,Myrlene,Kornyshev,376-453-8603,mkornyshev3c@msn.com,Female,GVK-829655
143989,Merry,Greson,439-192-1258,mgreson3d@soup.io,Male,AZL-582797
27381,Even,Wattingham,704-989-2597,ewattingham3e@addthis.com,Female,PGA-296450
169567,Wally,Founds,803-205-5374,wfounds3f@ca.gov,Female,KID-078903
731443,Jeannette,Filippyev,377-178-9143,jfilippyev3g@prnewswire.com,Male,HHU-705054
950009,Jeni,Ramsdale,156-142-5422,jramsdale3h@cocolog-nifty.com,Male,LCC-182436
384156,Dmitri,Tetsall,637-169-0758,dtetsall3i@quantcast.com,Male,NAB-851809
94427,Germaine,Sandland,578-205-9454,gsandland3j@statcounter.com,Female,KPQ-986046
631710,Neysa,Ciccotti,493-144-9568,nciccotti3k@cmu.edu,Male,QNH-626341
589443,Delila,Waeland,116-702-4438,dwaeland3l@opensource.org,Male,QJC-000693
957729,Vally,Pope,992-415-4935,vpope3m@furl.net,Male,RCY-833010
581535,Yves,Zaple,261-377-8433,yzaple3n@globo.com,Female,DLF-898447
935110,Tani,Senter,636-940-2019,tsenter3o@buzzfeed.com,Female,WKR-936080
797395,Charlena,Lamke,697-593-0115,clamke3p@surveymonkey.com,Female,RFD-030235
369591,Emmye,Digwood,858-199-4235,edigwood3q@woothemes.com,Male,DQA-859004
272822,Madelina,Rodnight,193-658-6313,mrodnight3r@zimbio.com,Female,NEN-999878
514271,Guillema,Springall,244-216-4962,gspringall3s@oracle.com,Male,BEV-007983
986243,Blondy,Palfreman,245-983-0653,bpalfreman3t@bluehost.com,Male,UEL-519121
682337,Darwin,Housecraft,416-741-5303,dhousecraft3u@twitpic.com,Female,ELA-955741
139713,Helena,Arangy,193-274-6289,harangy3v@blogtalkradio.com,Male,ZQL-170497
753743,Cart,Cuss,912-977-6653,ccuss3w@va.gov,Male,DWZ-769467
125376,Zarah,Pinsent,629-272-9856,zpinsent3x@tripadvisor.com,Female,QMH-449016
88627,Rochette,Brabin,604-204-9910,rbrabin3y@hostgator.com,Male,RLH-316608
167023,Ki,Marle,973-799-2019,kmarle3z@cocolog-nifty.com,Male,RKH-163433
700292,Belva,Ivanaev,559-121-4763,bivanaev40@gnu.org,Female,DSG-513125
694633,Katharine,Arzu,792-616-7597,karzu41@hao123.com,Female,UQD-945647
887894,Justina,Moscone,121-367-6486,jmoscone42@eventbrite.com,Female,BXT-316941
213234,Shaine,Eldridge,549-529-8680,seldridge43@symantec.com,Male,EAE-939755
393678,Tedda,Norcock,216-144-1002,tnorcock44@examiner.com,Female,LJQ-690541
717681,Gabey,Easson,638-266-4159,geasson45@wikispaces.com,Female,CJZ-898414
313609,Cynthea,Rounding,457-938-0455,crounding46@cam.ac.uk,Male,VTA-558912
635243,Boris,Collen,671-365-4205,bcollen47@privacy.gov.au,Male,MII-187032
538620,Bart,Baythrop,499-935-6003,bbaythrop48@utexas.edu,Male,DOG-053653
240713,Leroy,Queyos,128-308-6576,lqueyos49@who.int,Male,ZUV-234567
891826,Sephira,McKleod,548-295-3237,smckleod4a@mediafire.com,Female,PBN-556695
524100,Rouvin,Furse,164-219-9632,rfurse4b@vkontakte.ru,Male,ANV-215353
292733,Alana,Bootyman,886-996-6468,abootyman4c@diigo.com,Male,EKR-050881
544557,Gerrie,Annion,601-992-9354,gannion4d@chicagotribune.com,Female,BWR-173906
557531,Cherrita,Davidman,873-309-5119,cdavidman4e@who.int,Female,NQW-708095
522167,Rozalie,Pidgin,790-807-2800,rpidgin4f@ucoz.com,Male,QBP-460531
891001,Warden,Ritch,581-888-3606,writch4g@dailymotion.com,Female,POE-963920
454403,Christiane,Gutherson,595-921-3499,cgutherson4h@github.io,Male,RVC-601730
682300,Gnni,Fallanche,668-611-2234,gfallanche4i@xrea.com,Female,SIN-933132
688186,Paulita,Cagan,632-221-5637,pcagan4j@youku.com,Male,LVE-262852
485361,Berenice,Lacotte,669-982-4509,blacotte4k@chron.com,Female,DIG-884914
238780,Julieta,Stuther,543-700-7078,jstuther4l@arizona.edu,Male,EZR-394731
688100,Frederick,Dorn,191-140-7269,fdorn4m@smh.com.au,Female,JPX-654299
694101,Laverna,Lanning,827-553-1124,llanning4n@istockphoto.com,Female,QTU-768697
757164,Hillard,Rotge,480-347-4925,hrotge4o@woothemes.com,Male,SIM-363323
674409,Zondra,Braden,753-558-5198,zbraden4p@nature.com,Male,ASQ-703841
692900,Salvidor,Clancey,222-171-0130,sclancey4q@meetup.com,Female,VRI-940877
631584,Owen,Hryniewicki,844-396-8261,ohryniewicki4r@mtv.com,Female,CGD-978029
997153,Alisa,Lafrentz,224-407-9049,alafrentz4s@amazon.co.uk,Female,CPU-110353
280302,Evangelina,Kittless,193-153-0309,ekittless4t@state.gov,Female,HJK-076671
314439,Shandeigh,Stading,327-493-3316,sstading4u@cyberchimps.com,Female,ROG-386624
439752,Benedetta,Denisovich,341-917-7879,bdenisovich4v@tiny.cc,Female,XKH-295166
100138,Correy,Lovie,810-187-5436,clovie4w@uol.com.br,Female,ZDT-717673
66191,Richy,McAlister,477-537-5708,rmcalister4x@qq.com,Male,ITW-245559
583534,Margalo,Penhaleurack,313-654-9198,mpenhaleurack4y@fema.gov,Male,KMT-121318
991644,Josey,Doleman,361-332-7082,jdoleman4z@etsy.com,Female,DEL-619699
667536,Moyna,Allingham,756-265-2964,mallingham50@slate.com,Male,RFO-874855
933592,Gasparo,McGifford,940-243-9705,gmcgifford51@blogger.com,Female,GPO-696476
341577,Jerrold,Di Ruggiero,377-325-0352,jdiruggiero52@freewebs.com,Male,OOC-334408
272954,Tatum,Redit,823-129-2243,tredit53@yellowpages.com,Female,PIN-666358
549216,Hortense,Muris,261-273-4176,hmuris54@technorati.com,Male,KUJ-519627
577358,Alard,Adlem,906-478-3354,aadlem55@livejournal.com,Female,DXY-697831
623507,Pammi,Bretton,985-462-7935,pbretton56@dropbox.com,Male,GCT-433809
481640,Bobbye,Dedon,625-829-9219,bdedon57@joomla.org,Male,QSI-768378
53770,Drucy,Tiddeman,986-923-6786,dtiddeman58@sogou.com,Female,QCN-653859
182371,Margery,Wrixon,340-642-0442,mwrixon59@merriam-webster.com,Male,YGU-644595
739811,Trip,Spick,626-828-0260,tspick5a@simplemachines.org,Female,DGF-168652
107396,Omero,Duhig,464-500-0645,oduhig5b@mediafire.com,Male,FQE-369769
518231,Viviene,Faulconbridge,610-287-9151,vfaulconbridge5c@blogspot.com,Male,RTE-785631
689444,Chandal,Bowker,717-968-3990,cbowker5d@zdnet.com,Female,VUU-505009
217882,Blake,Havick,163-801-4712,bhavick5e@loc.gov,Female,OYL-102285
15939,Elnar,Neylon,413-828-0466,eneylon5f@gmpg.org,Male,OKG-094219
702238,Sileas,Gradley,520-210-1637,sgradley5g@prnewswire.com,Female,KBY-851242
516328,Jane,Hargitt,792-837-1963,jhargitt5h@about.com,Male,YWX-993971
960336,Florella,Guerri,907-895-9316,fguerri5i@360.cn,Female,JLF-127290
441268,Shandie,Henri,899-350-1610,shenri5j@dyndns.org,Male,HTR-296993
61167,Daniele,Arnli,188-374-4168,darnli5k@miibeian.gov.cn,Male,GML-615697
295822,Berti,Pretley,357-831-9840,bpretley5l@dell.com,Male,JQM-315950
819615,Wolf,Gillyatt,676-765-7842,wgillyatt5m@w3.org,Male,AIY-179003
908063,Callie,Ivatt,873-901-2494,civatt5n@fotki.com,Male,HQM-391523
884367,Laughton,Villalta,735-966-6005,lvillalta5o@yandex.ru,Female,WPG-342444
839438,Letisha,Lecount,207-254-2629,llecount5p@java.com,Male,LEH-374367
710697,Obie,Bartell,276-956-7814,obartell5q@ameblo.jp,Female,KVC-472235
912985,Ursa,Hardes,874-313-9467,uhardes5r@miibeian.gov.cn,Female,TRY-757371
392140,Joly,Pimley,865-579-0746,jpimley5s@stanford.edu,Male,PTD-482020
535836,Sissie,Cruce,352-855-1842,scruce5t@epa.gov,Female,IHU-119878
269452,Delora,Badby,400-640-9872,dbadby5u@tamu.edu,Male,DQX-155188
469936,Thorn,Newarte,795-416-0236,tnewarte5v@t.co,Female,WTJ-381728
738906,Siana,Baynton,475-891-7612,sbaynton5w@domainmarket.com,Female,ALL-960262
288320,Sky,Lyver,810-717-1197,slyver5x@weibo.com,Male,WSJ-610621
617255,Celisse,Hamelyn,392-953-8126,chamelyn5y@si.edu,Male,XOW-995267
281276,Tuesday,Bulfoot,298-132-9191,tbulfoot5z@youku.com,Male,FXA-084706
255453,Aeriel,Durdan,349-782-5857,adurdan60@ed.gov,Male,YHR-628248
975263,Cindy,Maffione,368-288-9609,cmaffione61@usda.gov,Female,CLP-724933
996441,Damon,Armatys,131-738-6336,darmatys62@omniture.com,Female,DDS-310915
276583,Omar,Martynka,464-508-0971,omartynka63@tuttocitta.it,Female,BXU-171159
446607,Otho,Haggarty,862-235-8574,ohaggarty64@blogspot.com,Male,GEO-355291
154131,Marris,Axtens,911-794-2325,maxtens65@amazon.com,Male,CCX-383849
641841,Brynn,Overnell,195-211-4573,bovernell66@howstuffworks.com,Female,HFI-543485
981572,Corrine,Feldhammer,920-926-9537,cfeldhammer67@hugedomains.com,Male,EVB-298031
418437,Maddalena,Sidebottom,523-377-9027,msidebottom68@phoca.cz,Male,TNV-635154
581213,Norrie,Battin,830-980-7248,nbattin69@gnu.org,Female,NYS-571446
839831,Maggee,Brum,935-302-7845,mbrum6a@over-blog.com,Female,HHU-738857
50266,Philbert,Beckinsale,979-604-5431,pbeckinsale6b@seesaa.net,Male,OGM-374779
904858,Berna,Schleswig-Holstein,946-497-5510,bschleswigholstein6c@economist.com,Female,SXB-259649
663437,Candice,Gregol,765-473-4486,cgregol6d@dailymotion.com,Male,VWY-717987
704489,Audie,Waudby,466-118-6864,awaudby6e@si.edu,Male,ZZY-635003
581226,Gualterio,Symonds,724-189-1013,gsymonds6f@creativecommons.org,Male,FED-899933
823044,Benedicta,McAlinion,785-392-7794,bmcalinion6g@techcrunch.com,Female,LFP-063746
227704,Leontine,Lattin,680-759-9395,llattin6h@shutterfly.com,Female,PQX-838539
174821,Neala,Argent,530-729-2856,nargent6i@skype.com,Male,MZE-393227
771341,Farica,Henriksson,571-499-9690,fhenriksson6j@wikipedia.org,Male,MLK-352839
528204,Corabella,Dendon,196-683-0721,cdendon6k@npr.org,Female,ZDA-920094
159921,Had,Branca,850-332-9759,hbranca6l@cam.ac.uk,Male,LQI-047033
42186,Demetra,Bramsen,992-662-7757,dbramsen6m@cpanel.net,Male,XHF-017235
695891,Travus,Triswell,413-518-4999,ttriswell6n@creativecommons.org,Male,FEC-864128
475353,Chlo,Novelli,861-772-9264,cnovelli6o@digg.com,Male,RCI-077521
122809,Casper,de Courcey,964-517-2591,cdecourcey6p@mit.edu,Female,QNH-870985
664556,Ellynn,Gosson,395-924-7798,egosson6q@tinyurl.com,Male,PWX-718501
887033,Isidor,Sapwell,926-921-6277,isapwell6r@dyndns.org,Male,MRA-351483
616611,Gerick,Schindler,581-886-2027,gschindler6s@jugem.jp,Female,JBV-993726
123923,Shawnee,Leglise,684-654-4833,sleglise6t@google.co.jp,Female,XYR-946647
7312,Emilio,Enriques,978-139-8838,eenriques6u@wordpress.com,Female,BGB-400496
68486,Paulo,Cellier,933-379-0038,pcellier6v@wikispaces.com,Female,OLY-872130
487737,Lorettalorna,Janny,359-746-8652,ljanny6w@psu.edu,Male,IDP-255091
742917,Georges,Cains,833-294-7210,gcains6x@ucoz.ru,Male,OPL-203660
778510,Andrej,Sabbatier,677-384-1517,asabbatier6y@xing.com,Male,BZP-206232
35481,Devlen,Blindmann,952-992-1196,dblindmann6z@pbs.org,Male,TUS-430849
777499,Oriana,Ablewhite,897-650-9679,oablewhite70@paginegialle.it,Female,THU-490033
752958,Meridith,Spurdle,873-688-3607,mspurdle71@storify.com,Female,RAM-875593
321903,Ivonne,Stubbe,370-791-8106,istubbe72@wordpress.org,Female,GCR-791990
785283,Ash,O'Corren,451-963-4801,aocorren73@histats.com,Male,BGO-470642
159037,Lodovico,O'Regan,113-400-6293,loregan74@purevolume.com,Male,MNO-216891
129380,Lynn,Mesant,356-170-2570,lmesant75@patch.com,Female,ERV-195812
809076,Manya,Flute,503-944-9964,mflute76@mozilla.com,Male,IYD-105904
578736,Sidonia,Christene,532-770-4410,schristene77@unesco.org,Female,BTN-875683
928363,Kin,Massinger,359-756-2429,kmassinger78@elpais.com,Male,ZVW-326258
262190,Stavro,Shirt,391-233-9436,sshirt79@nytimes.com,Male,AUD-669466
608932,Warden,Rime,362-866-1852,wrime7a@bluehost.com,Male,HHK-447079
355494,Elisabeth,Nicholson,814-581-2459,enicholson7b@virginia.edu,Male,GLU-652229
560924,Hermann,Lusgdin,413-949-1747,hlusgdin7c@booking.com,Female,ZBV-079079
629018,Gregg,Hillum,283-204-4945,ghillum7d@4shared.com,Male,FJY-413415
32821,Rodd,Haime,566-915-4694,rhaime7e@sphinn.com,Male,SYP-877048
689626,Lisle,Tysack,242-227-2135,ltysack7f@washingtonpost.com,Female,TFS-799199
152769,Danell,Hastelow,658-156-9138,dhastelow7g@paypal.com,Female,JRV-584171
885565,Bentlee,Jeannenet,936-696-3191,bjeannenet7h@example.com,Male,XAB-379042
768127,Niccolo,Seeman,306-575-5552,nseeman7i@hhs.gov,Female,GOT-169801
19501,Adelle,Edland,205-392-5827,aedland7j@washington.edu,Male,JSV-420031
474841,Cyndie,Matteau,259-908-7226,cmatteau7k@amazon.com,Male,MRL-703376
711453,Elyssa,Dublin,379-627-8349,edublin7l@weibo.com,Male,JPF-350393
438589,Appolonia,Mapis,875-809-3224,amapis7m@google.com.au,Female,GLU-728819
112680,Millisent,Lovelace,392-961-6096,mlovelace7n@pinterest.com,Male,FIL-985145
157137,Alida,Gawthrope,826-869-3805,agawthrope7o@smh.com.au,Female,GNF-737855
483105,Lianna,Dovidian,983-649-8560,ldovidian7p@telegraph.co.uk,Female,GWE-191701
914074,Melesa,Smithies,114-608-5721,msmithies7q@baidu.com,Female,PBQ-775164
358803,Aubert,Zanuciolii,847-370-1984,azanuciolii7r@disqus.com,Female,BCP-914800
900832,Dianna,Ianelli,457-741-0853,dianelli7s@nationalgeographic.com,Female,NSW-126242
544247,Bessie,Bignell,794-304-3647,bbignell7t@paypal.com,Male,BVC-622364
537658,Deina,Prandini,436-393-0243,dprandini7u@technorati.com,Female,NJV-323483
615118,Roberto,Cook,365-841-1050,rcook7v@blogspot.com,Female,KEC-431570
921260,Emera,Freckelton,881-886-0942,efreckelton7w@businesswire.com,Male,NHT-135545
283452,Aguistin,Ollerhead,320-413-9787,aollerhead7x@boston.com,Female,ABI-442567
862692,Yance,Doudney,265-557-8359,ydoudney7y@goodreads.com,Female,IJW-777736
51775,Ericka,Keggin,655-306-4378,ekeggin7z@over-blog.com,Male,BTA-919370
752791,Gene,Emburey,532-556-1573,gemburey80@patch.com,Male,TSK-625938
958794,Antonella,Filinkov,846-350-2432,afilinkov81@clickbank.net,Male,IDR-747716
754866,Rochette,McEvay,392-923-1074,rmcevay82@fda.gov,Male,XSO-992270
193018,Mortimer,Jackman,767-268-4951,mjackman83@accuweather.com,Female,GHV-669593
421581,Becki,Fritschmann,179-847-2430,bfritschmann84@edublogs.org,Male,XJX-124498
248438,Baily,Robbert,317-825-3033,brobbert85@wordpress.org,Female,BRQ-580582
589046,Munmro,Pirnie,463-704-4936,mpirnie86@taobao.com,Female,SBL-842549
27662,Amelita,Heck,369-252-6611,aheck87@bluehost.com,Male,GPC-927421
248374,Ferd,Bradfield,839-626-9834,fbradfield88@jigsy.com,Male,SXX-637979
220352,Andriana,Murrish,235-599-0207,amurrish89@facebook.com,Male,TEP-320468
346311,Salvatore,Hinkins,747-368-5666,shinkins8a@behance.net,Male,SOD-628185
601005,Ralina,Andrault,581-549-4826,randrault8b@linkedin.com,Female,URV-430986
772139,Sydel,Chadbourne,373-572-8935,schadbourne8c@myspace.com,Male,MSN-739493
309758,Richmond,Scarlon,921-670-1450,rscarlon8d@go.com,Male,CYZ-357721
448108,Patric,Dradey,492-781-2966,pdradey8e@accuweather.com,Female,URY-233052
307575,Curtice,Plaxton,759-834-3104,cplaxton8f@addtoany.com,Male,CQR-457808
48033,Sonya,Beeson,339-211-7074,sbeeson8g@irs.gov,Male,FJV-346099
715169,Read,Sherred,175-789-2259,rsherred8h@privacy.gov.au,Male,ERX-026842
565261,Elliott,Bygate,594-187-2715,ebygate8i@studiopress.com,Female,CMQ-660066
819614,Ilse,Iannitti,626-321-4623,iiannitti8j@dion.ne.jp,Male,ZBW-953962
370465,Isadora,McClean,552-196-0853,imcclean8k@wired.com,Female,JJA-528461
415445,Jenda,Daoust,418-701-2603,jdaoust8l@marketwatch.com,Female,GFY-973442
622011,Helene,Quipp,540-110-6983,hquipp8m@sfgate.com,Male,ZZS-077691
224680,Lucilia,Seint,267-152-2098,lseint8n@qq.com,Female,ZRX-593530
119463,Meriel,Haighton,291-551-5703,mhaighton8o@bing.com,Male,XVS-549656
947330,Marijo,Wooton,804-531-4288,mwooton8p@trellian.com,Male,ZNC-037956
402706,Lovell,Brickell,514-538-2329,lbrickell8q@cpanel.net,Male,YSR-943455
13404,Philip,Starbeck,837-847-1692,pstarbeck8r@netscape.com,Female,XUN-311768
317252,Cariotta,Stenyng,123-590-3168,cstenyng8s@eepurl.com,Male,FOB-213635
11883,Emile,Kenton,770-651-8988,ekenton8t@deliciousdays.com,Male,KDT-924284
850790,Corty,Scinelli,325-901-1060,cscinelli8u@exblog.jp,Female,CTU-403121
509604,Claus,Bastide,666-168-8219,cbastide8v@exblog.jp,Male,IUF-751285
722871,Arty,Michell,915-637-5184,amichell8w@homestead.com,Male,LGF-453999
516435,Christan,Quarlis,220-805-2267,cquarlis8x@chron.com,Male,GXV-665785
389220,Bobine,Osorio,513-851-6996,bosorio8y@friendfeed.com,Female,PNN-747033
922539,Lelah,Maypowder,179-595-8896,lmaypowder8z@google.com,Female,AYA-056396
869818,Bone,Hatwell,714-897-9089,bhatwell90@usatoday.com,Female,ODP-985334
622670,Pamela,Vollam,822-327-9118,pvollam91@yale.edu,Male,NDU-999363
434777,Ginger,Wloch,781-344-7086,gwloch92@nydailynews.com,Male,JVX-133463
492741,Hope,Leyland,589-946-0361,hleyland93@comcast.net,Male,VZS-960679
525663,Briny,Ingre,292-989-2740,bingre94@exblog.jp,Male,JNI-246064
93621,Derk,Spellar,415-774-2786,dspellar95@youtu.be,Male,AGX-872723
729399,Jayne,Fetherston,668-845-4408,jfetherston96@smugmug.com,Female,YSA-862776
639454,Pam,Brydson,201-823-5157,pbrydson97@yandex.ru,Female,VBW-113972
870554,Dwain,Sudworth,489-253-4398,dsudworth98@t.co,Female,LJO-703683
316002,Zitella,Crake,941-780-6579,zcrake99@mayoclinic.com,Male,WMH-207134
876883,Shalna,Brandts,831-939-2266,sbrandts9a@mtv.com,Female,IEX-629444
239658,Town,Beed,463-372-2945,tbeed9b@over-blog.com,Male,TOJ-089328
885387,Elva,Adlem,748-165-4415,eadlem9c@youtu.be,Female,EXE-817337
145727,Silvano,Butland,383-644-6686,sbutland9d@ftc.gov,Male,RVS-097654
820674,Lucien,Mottinelli,668-298-4863,lmottinelli9e@mozilla.com,Female,YGL-630497
162190,Bronnie,Normavill,219-755-9646,bnormavill9f@mashable.com,Female,TUL-441039
245804,Carilyn,Corbyn,690-469-2397,ccorbyn9g@dailymail.co.uk,Female,ZDD-217789
8943,Hyacinthe,Stilly,854-871-5363,hstilly9h@google.co.jp,Male,SLZ-042429
565552,Chev,Smallpeace,869-174-1312,csmallpeace9i@wikia.com,Male,NVA-938135
962243,Paula,Lethabridge,552-736-0103,plethabridge9j@ustream.tv,Male,LUD-063281
525891,Tessi,Heustice,425-991-9200,theustice9k@jalbum.net,Female,RDL-331777
252096,Kelbee,Bastard,647-408-3583,kbastard9l@sphinn.com,Female,IKJ-619400
169286,Verne,McCuffie,170-487-5963,vmccuffie9m@myspace.com,Male,RTO-083265
200308,Cozmo,Izakovitz,646-142-9801,cizakovitz9n@mayoclinic.com,Female,BHT-965204
333874,Asa,Berndtsson,107-548-4488,aberndtsson9o@baidu.com,Female,VVI-027744
87694,Adi,Pull,671-746-2573,apull9p@sfgate.com,Male,KVQ-752133
439024,Jeana,O'Dea,823-823-1677,jodea9q@indiegogo.com,Male,UZG-915031
444990,Worth,Suter,579-525-5240,wsuter9r@amazonaws.com,Male,TER-277974
179205,Michael,Daviot,889-279-5645,mdaviot9s@odnoklassniki.ru,Female,JOE-540149
589766,Reba,Pauler,611-346-4699,rpauler9t@purevolume.com,Female,DLS-867931
691807,Tadio,Towner,942-768-8229,ttowner9u@printfriendly.com,Male,MRK-728400
276763,Aimil,Skillington,242-264-4410,askillington9v@narod.ru,Male,FQO-830038
175593,Rupert,Bertolin,202-781-7335,rbertolin9w@zimbio.com,Female,EHV-658684
337304,Beatrix,Sesons,426-453-4734,bsesons9x@cafepress.com,Female,GSX-025367
490864,Jodie,Woolbrook,681-116-9844,jwoolbrook9y@amazon.co.uk,Female,PXO-545903
767725,Jefferey,Towell,424-824-3912,jtowell9z@deviantart.com,Female,JIO-556653
791889,Cale,Dyzart,599-454-5654,cdyzarta0@booking.com,Male,QJT-592664
208850,Kathi,Duffus,294-480-0276,kduffusa1@clickbank.net,Male,XCH-116384
115156,Helene,Kristof,960-186-6357,hkristofa2@google.ru,Male,SJQ-376920
893493,Amalle,Cleeve,485-447-5130,acleevea3@domainmarket.com,Female,IET-719333
267432,Cyril,Da Costa,766-836-9096,cdacostaa4@bizjournals.com,Male,INK-546658
117376,Rivalee,MacGillreich,480-879-2179,rmacgillreicha5@phpbb.com,Female,KJX-083441
811613,Bonni,Faustin,568-655-9108,bfaustina6@ocn.ne.jp,Male,UXK-122188
711178,Ilse,Pieper,739-821-4524,ipiepera7@dailymail.co.uk,Male,KOE-633321
596968,Ashlie,Reoch,300-538-3509,areocha8@instagram.com,Male,FGW-327017
429114,Theadora,Legat,702-815-6919,tlegata9@stumbleupon.com,Female,JHP-412483
777169,Allx,Unger,938-957-6079,aungeraa@bbc.co.uk,Male,JVI-788324
174512,Phoebe,Uman,439-321-2807,pumanab@alexa.com,Male,SFO-068799
207590,Krista,Casier,235-666-6337,kcasierac@arstechnica.com,Female,JDT-994617
299956,Courtnay,Watson-Brown,247-956-8400,cwatsonbrownad@i2i.jp,Female,YRM-905261
362209,Yelena,Fermor,485-962-4968,yfermorae@ask.com,Female,RCT-502926
715299,Grannie,Dyerson,863-848-7219,gdyersonaf@cbc.ca,Male,KMW-538582
793656,Mitchell,Huc,424-700-3833,mhucag@pinterest.com,Female,RPH-312649
667885,Christoper,Endersby,879-384-5658,cendersbyah@wiley.com,Female,HMF-946155
754801,Shir,Margetson,942-180-0424,smargetsonai@springer.com,Female,NOX-365358
421895,Jodee,McClaurie,199-101-3818,jmcclaurieaj@upenn.edu,Female,ZEG-958836
313597,Roselia,Bunt,771-242-0818,rbuntak@salon.com,Female,OOQ-336161
753965,Cyndy,Gores,337-965-5232,cgoresal@networksolutions.com,Male,BHF-332035
556997,Patsy,Beininck,538-311-6964,pbeininckam@nasa.gov,Female,KTP-623500
641937,Jedd,Curnow,293-777-8480,jcurnowan@state.tx.us,Female,LUY-968629
490204,Aline,Oliphant,178-834-0544,aoliphantao@constantcontact.com,Male,VTA-495811
955526,Tracey,Proswell,937-864-5197,tproswellap@wikipedia.org,Male,CEB-611726
889644,Morton,O'Sharry,144-184-8658,mosharryaq@cyberchimps.com,Female,FQZ-205634
116880,Cynthie,Battman,304-266-1843,cbattmanar@uol.com.br,Female,HSV-873462
877767,Brnaby,Poltone,521-353-2133,bpoltoneas@behance.net,Male,GTI-068707
155039,Correna,Cundy,530-307-9840,ccundyat@apple.com,Female,MBE-166569
862808,Chrystel,Chaffyn,315-450-2613,cchaffynau@networkadvertising.org,Female,QQZ-180961
236880,Rina,Kohter,736-678-2220,rkohterav@dmoz.org,Male,XLM-660902
754391,Vic,Ridgedell,420-256-9165,vridgedellaw@cafepress.com,Female,YEI-680139
154037,Launce,Faveryear,736-734-0150,lfaveryearax@pagesperso-orange.fr,Male,XFE-480354
986138,Truman,Chesters,809-414-9302,tchestersay@intel.com,Male,RVP-802039
447258,Bernardo,Naptin,576-965-7234,bnaptinaz@trellian.com,Male,SPY-991035
568560,Imelda,McCurtain,426-589-3690,imccurtainb0@tripadvisor.com,Female,DAK-996074
564104,Lulita,Passey,123-963-4029,lpasseyb1@fastcompany.com,Female,QKU-860196
477199,Friedrick,Lusted,541-622-3056,flustedb2@china.com.cn,Male,NDJ-786257
781162,Kinnie,Meanwell,273-495-3904,kmeanwellb3@hatena.ne.jp,Male,JYV-806963
672762,Jake,Mertel,232-103-0900,jmertelb4@netscape.com,Male,RKL-220256
528861,Milton,Killock,930-827-8472,mkillockb5@odnoklassniki.ru,Female,RSW-532604
508537,Casey,Drew-Clifton,704-834-4419,cdrewcliftonb6@chicagotribune.com,Male,OOQ-591076
199244,Silvana,Hessel,377-399-9800,shesselb7@desdev.cn,Male,SBT-850193
908195,Miller,Bryde,164-574-1547,mbrydeb8@exblog.jp,Female,EQH-990934
517816,Tonia,Sumbler,724-346-8706,tsumblerb9@biglobe.ne.jp,Male,YVX-605851
53713,Bernadine,Manifield,864-847-7266,bmanifieldba@simplemachines.org,Female,PBV-886754
334713,Livvyy,Ianni,898-558-5702,liannibb@addtoany.com,Female,EJY-874995
900821,Leesa,Fortescue,735-317-2836,lfortescuebc@drupal.org,Female,ELG-327723
556092,Erda,Willgoss,228-709-1188,ewillgossbd@illinois.edu,Female,UDV-317375
745061,Ernestus,Eixenberger,414-518-4639,eeixenbergerbe@last.fm,Male,ZXB-257649
802321,Spence,Yacobsohn,657-991-9290,syacobsohnbf@ucoz.com,Female,BIG-186192
70269,Ruperta,Scrooby,647-329-3515,rscroobybg@alibaba.com,Female,DBK-283309
648597,Phyllis,Baudi,612-537-2735,pbaudibh@deviantart.com,Female,DPW-035824
362775,Jarrad,Skillings,136-560-4434,jskillingsbi@about.me,Male,OHW-567429
579566,Drusie,Oattes,398-380-2886,doattesbj@jugem.jp,Male,DEC-420456
812449,Reeba,Hestrop,905-437-2194,rhestropbk@hostgator.com,Male,AXP-652733
676005,Crysta,Laxe,211-205-1924,claxebl@a8.net,Male,TFK-032841
128451,Orazio,Maraga,147-933-5312,omaragabm@baidu.com,Male,LPQ-158830
938469,Tamra,Starkings,439-322-6291,tstarkingsbn@soundcloud.com,Male,AZC-941377
749595,Dania,Wayper,106-855-2521,dwayperbo@elpais.com,Female,OZV-463141
333354,Wallie,Pelchat,286-503-7989,wpelchatbp@php.net,Female,IMY-883714
617187,Eugenia,Nancarrow,962-512-7087,enancarrowbq@europa.eu,Male,CHF-662699
923195,Amabel,Erwin,135-176-2548,aerwinbr@yale.edu,Male,MRM-668421
336032,Osbourn,Ottiwill,332-719-4012,oottiwillbs@foxnews.com,Male,URZ-605768
999462,Gerty,Millhouse,708-381-9146,gmillhousebt@1688.com,Male,HNC-284761
823206,Eyde,Tollady,908-928-3151,etolladybu@biglobe.ne.jp,Male,OFQ-935818
386758,Dermot,Rentenbeck,940-515-0803,drentenbeckbv@berkeley.edu,Male,KNW-472549
567270,Egon,Wassung,429-209-1886,ewassungbw@infoseek.co.jp,Female,VZU-523008
53753,Edik,Ainge,818-517-8952,eaingebx@fastcompany.com,Female,THH-542151
329523,Raquel,Smiley,532-996-6965,rsmileyby@friendfeed.com,Male,HXX-043490
106215,Lisabeth,Accomb,793-209-5205,laccombbz@com.com,Male,HOY-628589
294004,Nilson,Scolding,809-691-2592,nscoldingc0@berkeley.edu,Female,HYZ-748820
843448,Carney,Seccombe,985-416-2263,cseccombec1@joomla.org,Male,PFM-383298
822300,Staford,Geary,370-351-0550,sgearyc2@homestead.com,Male,TNT-052303
429996,Dedie,Wareham,183-618-4970,dwarehamc3@fema.gov,Female,ZMU-465337
238043,Agnese,Josefowicz,521-133-6427,ajosefowiczc4@webeden.co.uk,Male,NGX-081553
754622,Natalya,Jenton,785-196-7546,njentonc5@nbcnews.com,Female,DIQ-633139
349141,Almeria,Box,354-666-2944,aboxc6@i2i.jp,Female,SMH-141925
484347,Chrisse,Steffans,377-350-2031,csteffansc7@123-reg.co.uk,Female,JDS-814701
75067,Blondy,Jedrzejewicz,720-317-7991,bjedrzejewiczc8@google.com,Male,UAN-949718
400835,Raimundo,Futcher,538-579-6810,rfutcherc9@amazon.de,Female,YZH-669989
64295,Eirena,L'oiseau,531-335-0029,eloiseauca@sun.com,Male,CDE-300727
253369,Pall,Brimblecomb,558-230-6418,pbrimblecombcb@epa.gov,Male,QTZ-690768
538132,Thekla,Abrahamson,358-496-0808,tabrahamsoncc@prlog.org,Female,YTI-375938
241322,Donetta,Shropshire,147-804-0274,dshropshirecd@java.com,Male,IFJ-369986
263773,Moses,Andries,797-984-1255,mandriesce@acquirethisname.com,Male,MAS-686303
208485,Toby,Latek,157-823-2789,tlatekcf@gizmodo.com,Male,NGW-537608
428244,Edgard,Noel,475-729-1698,enoelcg@go.com,Male,SFZ-311809
857748,Oliver,Lyne,498-288-7801,olynech@sogou.com,Male,AOA-805946
613447,Sloan,Breede,314-470-7437,sbreedeci@zdnet.com,Female,QOT-578768
673958,Chrissy,Fonzo,919-327-1042,cfonzocj@reuters.com,Male,VST-714398
768497,Emmerich,Bedrosian,279-322-5131,ebedrosianck@alexa.com,Male,VRS-925196
879433,Reeva,Lydden,957-724-9523,rlyddencl@goo.ne.jp,Female,DIQ-935515
637523,Benny,Speeks,971-790-0595,bspeekscm@theatlantic.com,Male,WWB-265610
2121,Honor,Ziemke,372-594-6549,hziemkecn@ftc.gov,Female,VIH-783485
324320,Valentina,Moorcraft,909-192-6969,vmoorcraftco@spiegel.de,Female,XGP-568109
229784,Ann,O'Donohue,266-582-8820,aodonohuecp@issuu.com,Female,OUI-376333
66125,Berne,Ivancevic,712-999-2429,bivanceviccq@google.com.br,Male,XPH-034255
350180,Marietta,Langthorne,537-962-1364,mlangthornecr@amazon.co.uk,Female,MKR-172839
155230,Benedicta,Eede,848-497-2633,beedecs@jigsy.com,Female,KPY-976896
754716,Drucy,Skeen,955-411-7812,dskeenct@google.co.uk,Female,ZBC-575005
658119,Joachim,Tricker,549-476-5177,jtrickercu@gov.uk,Female,GNY-143859
224365,Raimondo,de Grey,915-776-5896,rdegreycv@lulu.com,Female,XGY-388773
724742,June,Parfitt,803-144-8774,jparfittcw@opera.com,Male,GKO-888820
646653,Juliane,Songist,436-164-6566,jsongistcx@yellowpages.com,Female,IKK-522880
498924,Wain,Coonihan,153-885-5701,wcoonihancy@chicagotribune.com,Male,IIU-426505
20467,Mavis,Popple,552-302-7795,mpopplecz@elpais.com,Female,UNQ-270902
156807,Laurens,Sapsforde,976-187-4531,lsapsforded0@lulu.com,Male,NFT-568007
816192,Sheelagh,Murrie,470-643-1346,smurried1@washingtonpost.com,Female,XRT-579411
305834,Elke,Pashbee,190-696-7817,epashbeed2@facebook.com,Male,RIZ-914996
692907,Sheffie,Oby,283-375-2783,sobyd3@mozilla.org,Female,TGZ-776525
993184,Brana,Kenan,263-880-5581,bkenand4@japanpost.jp,Male,EVV-743766
542761,Tove,Hibling,842-233-5894,thiblingd5@psu.edu,Female,DHG-760026
8771,Corbett,Pirazzi,921-313-9351,cpirazzid6@sina.com.cn,Female,HYU-636376
425605,Rosalyn,Ragdale,815-924-0309,rragdaled7@ed.gov,Male,NKP-428311
598706,Garrot,Salzburger,328-617-6648,gsalzburgerd8@t-online.de,Male,RKE-425792
196498,Gianni,O' Quirk,227-649-3139,goquirkd9@com.com,Male,EJB-643489
490655,Ring,Brabham,728-614-1227,rbrabhamda@bloglines.com,Male,SEC-825300
640079,Benedikt,MacDirmid,804-908-4272,bmacdirmiddb@parallels.com,Female,XVV-124961
891388,Paige,Gelletly,629-617-5830,pgelletlydc@newsvine.com,Male,PSX-603250
712094,Arliene,Faulks,960-869-5134,afaulksdd@jugem.jp,Female,TXP-145007
885384,Patricio,Littleton,188-423-3934,plittletonde@gizmodo.com,Male,PBP-562002
532880,Lynette,Marte,636-751-1335,lmartedf@cbc.ca,Male,CQE-603920
728496,Kirstin,Seear,164-270-7721,kseeardg@furl.net,Male,HUB-659337
262118,Shoshanna,Bolte,710-283-1955,sboltedh@typepad.com,Male,GYY-846717
789110,Darb,Beaford,747-182-5203,dbeaforddi@weibo.com,Male,KIU-865700
989016,Aloin,Lockhurst,924-120-6674,alockhurstdj@desdev.cn,Male,REP-734669
108243,Odell,Casaccio,163-480-8357,ocasacciodk@wordpress.org,Male,PSI-784909
763985,Bear,Corson,838-239-2312,bcorsondl@berkeley.edu,Male,QWW-195187
345220,Vasili,Swaite,648-725-4413,vswaitedm@mac.com,Male,OSK-135625
44319,Athena,Iglesias,679-970-9145,aiglesiasdn@google.co.uk,Male,TKJ-982068
277892,Yoshi,Glassborow,206-180-4050,yglassborowdo@shutterfly.com,Male,KXZ-785350
47157,Joshuah,Crutchley,237-231-8517,jcrutchleydp@constantcontact.com,Male,JWS-695412
531805,Audrie,Hub,555-802-0527,ahubdq@de.vu,Female,KTA-081858
46693,Orelie,Winspare,138-911-6538,owinsparedr@jugem.jp,Male,PSC-697310
672265,Phaidra,Grishinov,409-711-5639,pgrishinovds@bizjournals.com,Female,AYI-586204
446440,Pembroke,Parsonson,444-288-6257,pparsonsondt@spiegel.de,Male,RZA-661217
905258,Anallese,Natalie,469-982-6916,anataliedu@linkedin.com,Male,KCD-257140
307196,Regina,Fellibrand,100-240-8321,rfellibranddv@ed.gov,Male,LVU-635592
867853,Benjamen,Lacey,191-915-9145,blaceydw@taobao.com,Male,SOO-310905
374579,Farlee,Templman,592-918-5465,ftemplmandx@google.com,Female,OIH-182583
411621,Ezmeralda,Varndell,338-190-8444,evarndelldy@dyndns.org,Female,VLF-386606
739213,Mace,Leaning,999-385-9363,mleaningdz@apache.org,Female,OCE-694634
735371,Romeo,Babin,641-890-0074,rbabine0@apache.org,Male,KZC-956306
871311,Lavinie,Leil,117-505-3542,lleile1@furl.net,Female,MCO-223163
10296,Roda,Gocher,511-353-7184,rgochere2@netvibes.com,Male,TSZ-317064
157076,Eleanore,Myerscough,599-808-7549,emyerscoughe3@furl.net,Male,HIL-887557
302515,Lucais,Benois,354-416-9820,lbenoise4@linkedin.com,Female,KFU-926174
777321,Smith,Domegan,632-829-6035,sdomegane5@slate.com,Female,CHJ-963042
370015,Whitby,Goymer,987-245-2313,wgoymere6@blogspot.com,Female,SSW-039747
933114,Harbert,Gladyer,932-543-9609,hgladyere7@edublogs.org,Male,YAK-437621
878209,Georgy,Billam,767-478-3547,gbillame8@moonfruit.com,Male,ZQN-856799
750769,Darrell,Tapsfield,430-888-6513,dtapsfielde9@prlog.org,Female,IEJ-118080
341920,Nanete,Skoughman,455-270-2557,nskoughmanea@cnn.com,Female,IRA-832315
369797,Cherlyn,Cartwright,856-998-5217,ccartwrighteb@dailymotion.com,Female,DMQ-217279
24794,Silas,Ray,827-315-8735,srayec@wix.com,Female,ZEP-221261
708238,Imogen,Ismirnioglou,666-607-4918,iismirniogloued@buzzfeed.com,Female,UWZ-841267
832818,Marty,Badham,766-473-3639,mbadhamee@csmonitor.com,Female,AVQ-829576
189355,Willy,Hessing,459-315-9936,whessingef@domainmarket.com,Female,AVE-036126
666601,Obed,Chatelain,131-346-2235,ochatelaineg@irs.gov,Male,AMG-134639
439265,Bel,Shallcross,851-615-7956,bshallcrosseh@chronoengine.com,Male,OVW-087358
868350,Nico,Valde,291-535-0928,nvaldeei@omniture.com,Female,HPE-806190
813851,Georges,Rendbaek,523-184-9354,grendbaekej@icq.com,Female,OBX-269689
108604,Rikki,Cabbell,273-567-9831,rcabbellek@paginegialle.it,Male,LQB-902317
404506,Donny,Sixsmith,874-722-4600,dsixsmithel@army.mil,Female,XBK-204940
970894,Lilly,Tweedy,122-756-0631,ltweedyem@time.com,Female,OUL-827918
474682,Dudley,Sturridge,502-759-5064,dsturridgeen@is.gd,Male,SLA-830013
759306,Leyla,Waby,442-407-9103,lwabyeo@seattletimes.com,Male,BXN-298405
416514,Waverly,Devonshire,811-514-4050,wdevonshireep@cisco.com,Female,DJP-958580
513793,Brion,Woodham,688-917-5853,bwoodhameq@topsy.com,Female,BGK-721622
216705,Johann,Phlippsen,264-709-0151,jphlippsener@state.gov,Female,UOA-711878
930925,Lorelei,Cerith,385-402-7147,lcerithes@desdev.cn,Female,YMA-599212
336555,Norby,Battaille,598-854-4148,nbattailleet@accuweather.com,Male,TDX-793405
998278,Alyosha,Lanceley,639-187-1706,alanceleyeu@jiathis.com,Male,NCO-924644
653761,Heida,O'Duane,839-332-9670,hoduaneev@cyberchimps.com,Female,QMG-176954
184872,Ethelbert,Groundwater,369-892-7678,egroundwaterew@ucoz.ru,Female,BKR-009826
983035,Broderic,Kendrick,634-729-3705,bkendrickex@nps.gov,Male,GAD-319577
215766,Meir,Conybear,875-812-5335,mconybearey@army.mil,Male,KYI-870541
507548,Blaine,Dommersen,677-858-2695,bdommersenez@chicagotribune.com,Male,XSQ-002252
646050,Valery,Juan,390-435-4711,vjuanf0@wsj.com,Female,KJR-469514
511737,Trish,Keiling,233-426-7574,tkeilingf1@shareasale.com,Male,QUZ-380882
878619,Christian,Svanini,636-264-0737,csvaninif2@globo.com,Male,KBM-020128
888120,Ernesto,Gilstoun,753-523-4705,egilstounf3@macromedia.com,Male,EQC-242145
735509,Cecilia,Brundill,876-535-8728,cbrundillf4@wired.com,Male,LUK-191986
831440,Aloin,Walstow,371-724-0764,awalstowf5@msn.com,Female,IMF-607791
131277,Nataniel,Paige,670-451-0028,npaigef6@unesco.org,Female,FXS-373034
272039,Caprice,Conti,588-349-2983,ccontif7@cdbaby.com,Male,FDE-925676
102133,Ramona,De Bellis,366-224-4154,rdebellisf8@flickr.com,Male,CKG-237575
909345,Deedee,Doswell,526-577-2426,ddoswellf9@sakura.ne.jp,Female,SQY-963923
123546,Donny,Pontefract,908-858-5929,dpontefractfa@edublogs.org,Female,JBO-508805
773547,Clarinda,Delafoy,849-472-5463,cdelafoyfb@samsung.com,Male,TOT-222926
908703,Clayson,Holworth,456-569-5611,cholworthfc@google.com.br,Female,GYF-450817
129056,Hildegarde,Scorey,852-816-2762,hscoreyfd@apple.com,Female,RQU-490701
649813,Helena,Harroll,448-473-5415,hharrollfe@wikispaces.com,Female,LIT-129397
875223,Elsinore,O'Docherty,419-233-9044,eodochertyff@elegantthemes.com,Male,ZXO-965847
936691,Annora,Downton,389-655-8341,adowntonfg@samsung.com,Female,PEB-648515
996843,Olia,Raff,962-644-5701,orafffh@fema.gov,Female,AAC-573741
899615,Isidore,Hawes,256-927-7133,ihawesfi@amazon.de,Male,AVL-138125
515919,Murdock,Layman,250-850-1013,mlaymanfj@ning.com,Female,DAA-976726
696750,Sonya,Beckensall,902-865-3494,sbeckensallfk@networksolutions.com,Male,AJR-923300
5068,Rossie,Dunmore,140-693-9312,rdunmorefl@vimeo.com,Female,VKX-661308
573464,Reeta,Tschursch,930-678-4222,rtschurschfm@parallels.com,Female,RAB-330876
522957,Shellysheldon,Pirnie,886-917-5546,spirniefn@tmall.com,Female,MZN-536473
684830,Irena,Havik,790-819-2653,ihavikfo@hostgator.com,Female,HQM-594006
395467,Dionis,Justice,613-440-8078,djusticefp@earthlink.net,Male,FFD-883413
955025,Berk,Guyer,473-117-1673,bguyerfq@wunderground.com,Male,MXK-819185
528129,Yard,Cutbirth,435-911-7473,ycutbirthfr@disqus.com,Female,MJL-949876
497469,Kevin,Dockrey,439-753-1050,kdockreyfs@imdb.com,Male,MFM-663612
475289,Fawne,Slisby,116-371-6235,fslisbyft@deliciousdays.com,Female,CTV-506175
362874,Maible,Bridie,634-758-4695,mbridiefu@cnn.com,Female,XHK-768877
72247,Gifford,Nairy,979-690-7135,gnairyfv@dropbox.com,Male,JFS-770655
696837,Carlita,Minard,277-484-0567,cminardfw@xinhuanet.com,Male,RRA-742156
155255,Sephira,Chaster,252-385-0270,schasterfx@yelp.com,Male,RLF-897237
769742,Leeland,Trainor,295-408-0466,ltrainorfy@dailymail.co.uk,Female,CVB-396661
413136,Ellie,Dunford,708-419-3683,edunfordfz@tinypic.com,Female,CXM-977980
39618,Alexia,Ivashchenko,511-830-9608,aivashchenkog0@reuters.com,Female,BRK-052045
115102,Bel,Lampen,358-356-4153,blampeng1@princeton.edu,Female,CXK-210388
685680,Catarina,Peniello,780-911-5982,cpeniellog2@wiley.com,Female,XRQ-282244
448273,Rodger,Wimsett,949-867-5360,rwimsettg3@mlb.com,Female,YIR-496953
542293,Fawne,Anwyl,907-630-5982,fanwylg4@toplist.cz,Male,XIR-119740
854837,Delores,Dorrell,386-944-1370,ddorrellg5@cnbc.com,Female,KTA-624411
174898,Byron,Farny,227-828-6942,bfarnyg6@tmall.com,Female,QWC-669700
513289,Thorpe,Bener,914-555-3840,tbenerg7@1688.com,Female,ZWA-918715
523004,Marcus,Lennox,649-156-2695,mlennoxg8@artisteer.com,Female,NKM-517999
33186,Gennifer,Willerton,570-943-9200,gwillertong9@prlog.org,Female,ZEC-368355
69161,Tybi,Spiller,494-211-8693,tspillerga@ca.gov,Male,IIB-406736
919350,Liza,Litster,245-153-9437,llitstergb@nymag.com,Female,OVJ-597527
721351,Emmeline,Cleverly,769-613-3994,ecleverlygc@gizmodo.com,Male,PKT-796375
553546,Guenevere,Feehery,897-604-9352,gfeeherygd@cargocollective.com,Female,KBJ-032036
454860,Kale,Wells,116-232-2618,kwellsge@smh.com.au,Female,PMP-135360
210734,Imogene,Belshaw,922-255-2682,ibelshawgf@t-online.de,Female,YQS-257278
242941,Hildagard,Vasilov,888-120-4423,hvasilovgg@berkeley.edu,Male,LST-810937
553066,Maud,Chiswell,779-398-4640,mchiswellgh@fema.gov,Female,JSP-300599
712572,Hilary,Harries,308-772-0692,hharriesgi@dell.com,Male,MAF-386524
582626,Pet,Ditch,539-468-7104,pditchgj@arstechnica.com,Female,AAN-955198
409063,Brandyn,Beeke,392-958-7004,bbeekegk@tripod.com,Male,XAN-856966
667018,Manuel,Bilborough,410-403-1684,mbilboroughgl@4shared.com,Male,PII-423322
426967,Jana,Matovic,864-821-8845,jmatovicgm@hexun.com,Female,IRE-151148
458039,Michaeline,Lissandre,817-523-8296,mlissandregn@discuz.net,Female,ACV-084242
961460,Artair,MacKibbon,863-465-7439,amackibbongo@intel.com,Male,HJQ-853444
736162,Kaylee,Geraghty,687-820-0664,kgeraghtygp@linkedin.com,Male,OJT-621872
190794,Gareth,Worsfold,622-290-4428,gworsfoldgq@google.com,Male,FBD-688059
981348,Hort,Konzelmann,141-535-9385,hkonzelmanngr@bbc.co.uk,Male,VIK-706377
223423,Shannen,Cromb,103-886-7117,scrombgs@google.fr,Female,XDA-265790
805954,Wake,Brayson,623-954-8116,wbraysongt@wikia.com,Male,OKO-964987
399540,Fredia,Osmon,940-310-2755,fosmongu@fda.gov,Male,OPX-865162
742925,Edgardo,Morhall,222-384-1707,emorhallgv@cnn.com,Male,NNU-805643
446043,Lorry,Bunyard,654-862-7195,lbunyardgw@usa.gov,Female,HUB-276896
777001,Turner,Feronet,451-214-6434,tferonetgx@oakley.com,Female,GLU-604174
838023,Marinna,Creelman,837-450-2205,mcreelmangy@tinypic.com,Female,CPD-456647
320016,Candis,Shilton,563-653-4617,cshiltongz@artisteer.com,Female,IIG-246046
537317,Page,Siemantel,226-662-5774,psiemantelh0@ft.com,Male,ETA-075030
564343,Shani,Lednor,952-729-9889,slednorh1@infoseek.co.jp,Male,SUG-655308
131487,Cinda,Hulson,669-333-5810,chulsonh2@bandcamp.com,Female,EPI-668285
134541,Darsie,Campion,514-642-0784,dcampionh3@google.es,Male,UXX-523406
741644,Analise,Alfonsetti,339-983-5938,aalfonsettih4@slate.com,Female,BZW-536023
425162,Harry,Pleager,498-562-5556,hpleagerh5@yellowbook.com,Male,ZQD-799349
67839,Sella,Stedell,698-396-1871,sstedellh6@state.tx.us,Female,CSM-864266
948871,Antoinette,McKinless,146-935-6456,amckinlessh7@angelfire.com,Female,GLB-883112
936858,Dick,Sussans,780-586-9122,dsussansh8@theatlantic.com,Male,OPR-761507
569425,Idelle,Pichmann,525-989-6738,ipichmannh9@thetimes.co.uk,Female,PID-914623
205867,Ada,Landsman,958-623-0534,alandsmanha@usatoday.com,Male,AGY-157684
536512,Mitch,Taveriner,168-397-6426,mtaverinerhb@furl.net,Female,VHD-714103
715102,Ikey,MacWhan,789-816-1035,imacwhanhc@cam.ac.uk,Male,XBY-139914
753624,Vilhelmina,Gercke,608-577-2950,vgerckehd@hao123.com,Female,ZGJ-985042
130882,Olva,Misken,967-103-5660,omiskenhe@ibm.com,Female,ESM-234147
434660,Dewain,Duthie,134-868-5310,dduthiehf@msu.edu,Female,SPO-030281
450913,Clarabelle,Cookes,822-677-3935,ccookeshg@reuters.com,Female,NDM-285091
520658,Vonny,Colaton,560-233-3217,vcolatonhh@ftc.gov,Male,MFX-724295
835608,Giffy,Kemball,483-504-4956,gkemballhi@delicious.com,Female,XDU-015247
886249,Saunder,Crabbe,613-371-4203,scrabbehj@blogger.com,Male,NWY-308425
495749,Dory,Colerick,249-695-0865,dcolerickhk@wix.com,Female,GZW-933295
503081,Nanon,Dumsday,876-731-5378,ndumsdayhl@columbia.edu,Male,OMO-665744
604809,Ferris,Elger,466-229-2950,felgerhm@opensource.org,Male,LJO-733126
21020,Harmony,Dudeney,218-483-6085,hdudeneyhn@admin.ch,Male,PBF-474570
592895,Noni,Chilcott,436-870-9690,nchilcottho@flavors.me,Female,DUK-272259
563015,Gian,Odo,524-338-6513,godohp@boston.com,Female,LBU-272340
406948,Kristyn,Pawlyn,199-148-8649,kpawlynhq@walmart.com,Male,IPJ-782864
435892,Binny,Iveans,759-207-9151,biveanshr@smh.com.au,Female,KRE-082510
173132,Gunther,Dearden,315-819-8244,gdeardenhs@mapy.cz,Female,KZZ-644557
559799,Danyette,Hassewell,946-465-7411,dhassewellht@apache.org,Male,TTL-105535
478955,Roxanne,MacTrustram,237-166-3747,rmactrustramhu@homestead.com,Male,NGS-982362
300933,Roth,Tolland,278-200-6372,rtollandhv@ted.com,Male,MYX-133868
140316,Ware,Duddell,180-618-3992,wduddellhw@ning.com,Female,WZW-086875
970621,Anton,Fairbrace,657-211-5886,afairbracehx@netscape.com,Male,XFZ-807853
141631,Faber,Sarsons,719-147-4904,fsarsonshy@ucoz.com,Female,QFC-889417
100497,Viviene,Eaton,868-258-5854,veatonhz@macromedia.com,Female,JZO-789055
543501,Lilian,Baldacchino,473-435-5677,lbaldacchinoi0@google.cn,Female,PRY-472244
462046,Rae,Golden,168-926-9838,rgoldeni1@twitter.com,Female,LUM-935138
245641,Xena,Gariff,330-407-6638,xgariffi2@answers.com,Male,HZT-167381
328815,Lalo,Prall,271-194-7248,lpralli3@time.com,Female,ORY-432369
595403,Aggi,Linster,997-923-0568,alinsteri4@imdb.com,Female,RGD-020406
488609,Penelope,Lyston,730-452-6540,plystoni5@unc.edu,Female,KPI-736358
618667,Dorree,Merrgan,880-212-4060,dmerrgani6@google.cn,Male,BIL-788287
578490,Jeffry,George,701-289-0245,jgeorgei7@fc2.com,Female,BXU-338536
917232,Dun,McGilroy,596-340-8202,dmcgilroyi8@google.com.au,Male,PDP-710716
726386,Marge,Frampton,985-808-4980,mframptoni9@wp.com,Female,QJU-517061
22995,Kacie,MacEntee,774-944-5342,kmacenteeia@comsenz.com,Female,LLO-438458
849127,Malissa,Boothroyd,942-754-9360,mboothroydib@moonfruit.com,Male,CLZ-393805
575885,Brocky,Sall,921-647-4022,bsallic@stumbleupon.com,Male,OKA-640692
281551,Babs,Maha,967-489-0361,bmahaid@who.int,Male,VZA-047493
939763,Eziechiele,Harman,538-599-1469,eharmanie@angelfire.com,Female,CDF-736884
722309,Renard,Considine,245-579-2538,rconsidineif@ftc.gov,Female,TKC-848009
768461,Karel,Avieson,889-872-3450,kaviesonig@angelfire.com,Male,BTM-279214
287800,Eugenie,Olenin,512-701-4523,eoleninih@nature.com,Male,OPD-422357
380218,Aviva,Poate,299-754-7777,apoateii@amazon.de,Male,MCV-566938
867830,Belle,Tofpik,813-220-2058,btofpikij@google.fr,Male,AZU-469021
599409,Tamarah,Landsberg,872-400-6132,tlandsbergik@drupal.org,Female,IDM-112499
117302,Elita,Shirer,576-136-0320,eshireril@digg.com,Female,GOI-809398
167973,Yvor,Crathern,875-913-4469,ycrathernim@squidoo.com,Female,BVX-590795
446003,Erika,Hazlegrove,373-303-6190,ehazlegrovein@alexa.com,Male,JTE-129239
582414,Romy,Reeves,625-855-4208,rreevesio@skyrock.com,Female,WWZ-513330
385355,Evangeline,Choppin,791-724-6618,echoppinip@bloglovin.com,Female,QVY-918590
682175,Bert,Netting,566-293-7517,bnettingiq@yellowbook.com,Male,UCY-587047
58234,Shanon,Laffin,703-139-6210,slaffinir@cdbaby.com,Female,PJT-584552
329333,Ursuline,Haskur,119-660-1849,uhaskuris@yandex.ru,Male,SQI-224242
831032,Lura,Cuthill,837-729-4399,lcuthillit@amazon.co.jp,Male,UBZ-177579
145017,Hogan,Hendonson,541-942-0966,hhendonsoniu@usnews.com,Male,RYI-788672
133385,Griz,Creedland,175-425-6675,gcreedlandiv@infoseek.co.jp,Female,YQF-188438
806691,Bev,Machon,619-954-6504,bmachoniw@house.gov,Female,ROZ-182938
773368,Lenka,Vernay,832-622-0595,lvernayix@huffingtonpost.com,Male,AZR-083126
440926,Miranda,MacCombe,206-833-4470,mmaccombeiy@freewebs.com,Female,SSQ-559340
357688,Gay,Daggett,782-539-2297,gdaggettiz@over-blog.com,Female,PTX-878860
345567,Garret,Lerner,232-611-6490,glernerj0@who.int,Female,JET-188484
577110,Zed,Kuschek,235-757-7788,zkuschekj1@admin.ch,Female,NCK-100863
420772,Natka,Baldcock,633-732-9582,nbaldcockj2@sina.com.cn,Male,UAS-731776
773356,Jay,Crufts,845-277-1783,jcruftsj3@weebly.com,Male,ZLN-395664
146040,Woodie,Ridewood,718-617-5094,wridewoodj4@merriam-webster.com,Male,AII-809486
627278,Margalit,Liebmann,270-322-8846,mliebmannj5@mozilla.org,Female,UQZ-626853
619059,Gallard,Elham,999-241-1088,gelhamj6@reference.com,Male,JTM-095735
211101,Kath,Davidou,491-280-3334,kdavidouj7@adobe.com,Female,WHJ-644986
446836,Kippie,Probat,944-961-0638,kprobatj8@eepurl.com,Female,CMQ-310602
329053,Pearline,Broyd,421-139-8139,pbroydj9@ezinearticles.com,Female,EOW-231978
48741,Anna-diana,Riddell,456-272-3677,ariddellja@wsj.com,Female,XKY-150605
788213,Moss,Freed,536-277-4103,mfreedjb@adobe.com,Female,OKL-535562
852239,Alecia,Panchen,483-288-3134,apanchenjc@java.com,Female,ZLZ-851583
711004,Buck,Calterone,187-746-4550,bcalteronejd@weather.com,Female,FXA-264968
162046,Devora,Rabat,499-862-1237,drabatje@taobao.com,Male,RRF-466111
260270,Darda,Ramplee,323-111-5408,drampleejf@godaddy.com,Male,OGU-564660
691694,Doy,Elrick,693-215-8591,delrickjg@wikia.com,Male,DAV-955789
365138,Astrid,Tregale,465-706-8079,atregalejh@tuttocitta.it,Male,KPW-614800
208197,Bobby,Brodeur,195-243-9566,bbrodeurji@cnet.com,Female,CXY-363450
6305,Fitzgerald,Faucett,481-756-4528,ffaucettjj@skype.com,Male,MAR-762369
290557,Kelwin,Seydlitz,773-285-0512,kseydlitzjk@jigsy.com,Female,WKU-389699
131,Olav,Whetnall,539-934-3146,owhetnalljl@princeton.edu,Male,NQK-512464
26140,Zulema,Attyeo,513-649-5781,zattyeojm@hp.com,Male,YDU-466660
598579,Carolann,Downe,378-796-9641,cdownejn@wsj.com,Male,CUK-271912
267521,Thia,Dennidge,583-693-5911,tdennidgejo@illinois.edu,Female,ZPB-959480
796723,Meris,Heyburn,361-790-3682,mheyburnjp@washington.edu,Male,UPV-781434
451016,Tab,Scragg,155-824-7505,tscraggjq@is.gd,Male,WMQ-724853
508388,Trixie,Brislane,227-988-4157,tbrislanejr@thetimes.co.uk,Male,FNL-528279
48242,Elsworth,Featherbie,265-901-6817,efeatherbiejs@wordpress.org,Female,EHI-228496
439023,Brandice,Garrioch,735-822-7618,bgarriochjt@hp.com,Male,IKG-229586
971438,Gill,Dhennin,304-423-1120,gdhenninju@friendfeed.com,Female,DTH-069988
452866,Brade,de Aguirre,598-612-0848,bdeaguirrejv@tinypic.com,Female,FWB-269421
539814,Brantley,Laundon,227-623-2559,blaundonjw@soundcloud.com,Male,KWI-528011
320693,Miriam,Dulanty,433-366-1701,mdulantyjx@ox.ac.uk,Female,TWQ-516693
380718,Shandy,Bidewel,889-983-8821,sbideweljy@weather.com,Female,LQQ-284479
997971,Carlita,Rawlin,488-160-5106,crawlinjz@usgs.gov,Female,MGM-042012
891286,Chico,Benmore,629-703-2835,cbenmorek0@diigo.com,Female,VMG-070313
930909,Elliott,Boyne,550-784-0868,eboynek1@macromedia.com,Male,WHS-790903
780820,Katherina,Cornfield,241-786-0314,kcornfieldk2@ucoz.com,Male,AIE-607804
640812,Dionysus,Brenston,207-150-5472,dbrenstonk3@barnesandnoble.com,Female,IEQ-687403
53142,Fonzie,Lindenbaum,208-197-6483,flindenbaumk4@seesaa.net,Female,TNE-174839
422073,Caitlin,Patsall,870-165-1944,cpatsallk5@nydailynews.com,Male,ZWL-039235
105232,Glen,Stillert,501-676-0492,gstillertk6@biblegateway.com,Female,ZTF-757098
861313,Willem,Fragino,416-404-1181,wfraginok7@cnn.com,Male,LCP-364245
949710,Betteann,Hildrew,317-500-9545,bhildrewk8@sourceforge.net,Female,NUG-366664
450047,Esma,Broadwood,699-778-9816,ebroadwoodk9@telegraph.co.uk,Female,MSI-589058
938681,Berrie,Shewery,300-705-0414,bsheweryka@blogs.com,Male,QWN-166692
962314,Warner,Chinnery,602-584-4958,wchinnerykb@fotki.com,Female,SZV-822619
311843,Heinrick,Chasemoore,324-194-7367,hchasemoorekc@woothemes.com,Female,XVZ-571923
660722,Chucho,Simonou,274-600-1303,csimonoukd@freewebs.com,Female,SHE-115582
565539,Evered,Ludye,120-905-4130,eludyeke@163.com,Male,QWN-045903
928271,Dolf,Rainville,764-187-8069,drainvillekf@princeton.edu,Male,XFW-352743
967630,Rebecka,Oleszczak,627-461-7475,roleszczakkg@ed.gov,Male,YLM-187192
695719,Fancy,Case,475-801-2479,fcasekh@elegantthemes.com,Male,NFP-326620
664297,Rob,Rennix,294-390-3035,rrennixki@vimeo.com,Female,FGR-139043
302529,Vivienne,Levene,362-144-2205,vlevenekj@dedecms.com,Female,HIS-534040
4408,Lorrayne,Moulson,987-538-3500,lmoulsonkk@twitpic.com,Female,JID-571302
939746,Dosi,Coch,294-769-9445,dcochkl@google.de,Male,FRS-527923
736927,Leesa,Hoxey,356-245-1888,lhoxeykm@soundcloud.com,Female,QFM-599027
843873,Niels,Semon,107-559-0742,nsemonkn@last.fm,Male,DRG-941707
581301,Linea,Extil,104-171-6138,lextilko@live.com,Female,LNP-622226
893751,Albrecht,Yackiminie,998-812-5009,ayackiminiekp@sfgate.com,Female,ENA-858490
565795,Jeremiah,Lelande,719-710-3269,jlelandekq@blog.com,Female,PFV-297698
992269,Elvira,Waren,143-170-1087,ewarenkr@vkontakte.ru,Male,LOU-200242
646989,Nollie,Bartos,396-164-9802,nbartosks@mayoclinic.com,Male,KPX-549471
678789,Bert,Bouzek,461-638-8114,bbouzekkt@cbc.ca,Female,QBP-652446
835986,Marna,Hawford,716-942-2495,mhawfordku@artisteer.com,Female,EGO-289771
871676,Corey,Jursch,682-973-6347,cjurschkv@sciencedirect.com,Male,HVL-198487
87680,Roanna,Thurber,636-246-8634,rthurberkw@mediafire.com,Male,NYZ-459954
607268,Caren,De Roeck,806-786-4320,cderoeckkx@meetup.com,Female,QYL-681607
669095,Waneta,Larose,446-685-0193,wlaroseky@army.mil,Female,UFH-442519
828235,Ki,Rapinett,627-502-6836,krapinettkz@flickr.com,Female,XTI-536616
89711,Odele,Fitzjohn,177-389-9690,ofitzjohnl0@google.fr,Female,QUN-783175
258917,Skippy,O'Hanley,819-935-9369,sohanleyl1@clickbank.net,Female,VXN-109823
446110,Sascha,Sheering,337-449-2367,ssheeringl2@amazon.com,Female,PMH-198479
417997,Fairlie,Lainge,309-457-0518,flaingel3@weibo.com,Female,WJM-207317
238169,Clarice,Harp,872-346-3493,charpl4@squidoo.com,Male,GEE-744708
649152,Bar,Prati,832-547-6894,bpratil5@1und1.de,Male,TTB-617845
795575,Frances,Snipe,852-756-5971,fsnipel6@lycos.com,Female,ZRF-263651
441776,Garland,Lorryman,165-534-2588,glorrymanl7@sitemeter.com,Male,LCG-908379
778397,Rockwell,Cockrell,832-152-1958,rcockrelll8@cargocollective.com,Female,YST-116687
202986,Rodrick,Duffie,772-956-9807,rduffiel9@bloglines.com,Male,YSW-408250
104941,Nap,Ryles,663-940-7873,nrylesla@blog.com,Male,WFE-947026
669072,Candida,Walster,512-990-5546,cwalsterlb@scientificamerican.com,Female,MMV-647630
474275,Korella,Bushell,139-395-1783,kbushelllc@discuz.net,Male,STU-774523
797067,Meade,Whellans,591-809-8516,mwhellansld@e-recht24.de,Male,MQR-977485
100108,Elinore,Paur,338-376-1610,epaurle@yahoo.com,Male,JXN-448107
29256,Margery,Wandrach,167-216-3279,mwandrachlf@google.com.br,Male,WAO-724771
711170,Marne,Ffrench,689-905-0219,mffrenchlg@surveymonkey.com,Female,JTP-392807
535778,Hastings,Chelam,130-503-6802,hchelamlh@cafepress.com,Male,KTP-536411
614184,Sean,Raggitt,772-927-0832,sraggittli@mysql.com,Male,EUY-128896
684578,Genia,Castellini,993-358-1033,gcastellinilj@cbc.ca,Female,FWA-042718
101931,Augusta,Sarre,365-266-8366,asarrelk@mail.ru,Male,WWL-584576
976715,Reagen,Regorz,719-661-5792,rregorzll@about.com,Male,BRM-755824
674264,Lila,Swiffen,366-687-5344,lswiffenlm@addtoany.com,Female,OUZ-898547
463567,Renata,Grave,361-457-5794,rgraveln@huffingtonpost.com,Female,WUR-288008
411470,Ramsay,Sturt,562-300-9359,rsturtlo@upenn.edu,Male,HVK-208805
798109,Neil,Stallybrass,157-521-3093,nstallybrasslp@zdnet.com,Female,UJU-409522
908249,Mort,Caze,549-337-2172,mcazelq@geocities.com,Female,BUR-617610
633484,Cyb,Capewell,144-324-0924,ccapewelllr@example.com,Male,HCF-862137
686835,Bessy,Vasilchikov,502-846-6311,bvasilchikovls@microsoft.com,Female,JTT-557467
27634,Annabelle,Grahlmans,336-651-3640,agrahlmanslt@cnbc.com,Male,AWH-732259
323597,Parker,Shane,950-161-9803,pshanelu@webmd.com,Female,SVO-327441
51372,Ralf,Relf,597-126-7653,rrelflv@mozilla.org,Female,XBU-629572
346840,Alyse,Deviney,946-494-5605,adevineylw@e-recht24.de,Female,OMC-961033
134315,Curry,Debell,866-789-9312,cdebelllx@scribd.com,Male,ADC-048756
302121,Archibald,Filipputti,975-524-5366,afilipputtily@auda.org.au,Male,WHB-341892
891003,Josy,Morehall,530-132-3192,jmorehalllz@sourceforge.net,Female,GFF-322586
409488,Magdalene,Kroger,778-214-9897,mkrogerm0@un.org,Male,VZP-500093
609412,Allyn,Reinger,696-162-2173,areingerm1@usgs.gov,Male,HRY-182631
479399,Olympia,Wasling,683-592-9138,owaslingm2@pbs.org,Female,AUF-260033
458537,Ketty,Backes,345-341-5805,kbackesm3@deliciousdays.com,Female,JRY-875177
148362,Cherise,Rooke,668-961-7652,crookem4@sbwire.com,Female,IEB-392450
881876,Paule,Hakewell,905-149-8777,phakewellm5@hp.com,Male,AWH-990980
532901,Vale,Tremayle,353-601-1895,vtremaylem6@seesaa.net,Male,MUR-661261
753357,Dorthea,Ouver,312-926-1589,douverm7@narod.ru,Male,PVI-064921
815386,Cristina,Hindrick,990-987-5925,chindrickm8@stanford.edu,Male,BIA-310757
1545,Nathanil,Babcock,933-945-4327,nbabcockm9@ucoz.ru,Male,CVF-720163
188657,Sabra,Frigot,721-506-2996,sfrigotma@independent.co.uk,Female,PBT-229780
904879,Boothe,Oselton,650-784-8458,boseltonmb@businesswire.com,Female,TCK-694300
302662,Patrica,Sante,254-716-8959,psantemc@hao123.com,Male,QTI-166856
469771,Patricia,Lithcow,636-898-7752,plithcowmd@cbslocal.com,Female,TKJ-351357
146344,Eugene,Das,935-102-8467,edasme@dmoz.org,Female,EXF-600294
21513,Opalina,Maddison,666-179-3633,omaddisonmf@vkontakte.ru,Female,WEL-834605
83010,Emlynne,Lorain,332-610-6762,elorainmg@360.cn,Female,OPU-193083
472341,Marilyn,Jahan,638-449-3417,mjahanmh@facebook.com,Female,KRN-418716
637012,Sybilla,Bockmann,108-503-3631,sbockmannmi@freewebs.com,Male,VIT-746825
457245,Dacy,Lardiner,841-286-3778,dlardinermj@networksolutions.com,Male,SXA-372209
235747,Siobhan,Grellier,511-486-2902,sgrelliermk@epa.gov,Male,DEI-268329
265857,Tana,Stopp,496-921-9759,tstoppml@4shared.com,Male,PTW-194396
262274,Rachel,Tregenna,236-355-5521,rtregennamm@istockphoto.com,Female,JZM-104073
601726,Robert,Geertz,787-110-4243,rgeertzmn@free.fr,Female,XPG-336872
192442,Nahum,Skitteral,625-525-5163,nskitteralmo@smugmug.com,Male,JBL-275124
922028,Nicolea,Mulligan,676-239-0613,nmulliganmp@buzzfeed.com,Male,JBG-175918
304887,Lurleen,Fakes,695-961-2920,lfakesmq@umich.edu,Female,XZH-701321
867787,Daria,Beart,208-927-6632,dbeartmr@loc.gov,Male,JLF-390718
933993,Carly,Vaux,559-792-7061,cvauxms@printfriendly.com,Female,TBI-094669
24378,Elenore,Pietrzak,492-131-6136,epietrzakmt@feedburner.com,Male,SSC-136707
223742,Shurlocke,Pretorius,365-216-4354,spretoriusmu@ca.gov,Male,BVX-072276
831521,Shana,Antonnikov,473-825-9974,santonnikovmv@cisco.com,Female,QCA-038785
683029,Freemon,Hanbidge,658-813-1813,fhanbidgemw@indiatimes.com,Male,WAN-213673
378608,Nannie,Giacomoni,652-976-3914,ngiacomonimx@ted.com,Female,NRX-857001
400183,Katherina,Donegan,388-860-8954,kdoneganmy@sphinn.com,Female,FFG-065743
40264,Licha,Digg,637-141-7786,ldiggmz@instagram.com,Female,RGS-795302
546225,Morse,Crocombe,804-451-7709,mcrocomben0@mozilla.org,Male,SCD-694053
155724,Curtis,Lascelles,605-923-0166,clascellesn1@wisc.edu,Female,ATF-061743
112934,Hebert,Grimes,416-289-4842,hgrimesn2@desdev.cn,Male,AQK-094194
842522,Tory,Ranyelld,258-592-9340,tranyelldn3@cbc.ca,Male,MQE-714325
872290,Ronny,Tidmarsh,333-433-4409,rtidmarshn4@xinhuanet.com,Male,GAY-711692
202629,Theodosia,Middell,568-300-8645,tmiddelln5@cisco.com,Male,JZJ-911691
813955,Abbe,Jaffra,129-250-2732,ajaffran6@techcrunch.com,Male,DWI-182080
763708,Cullen,Maber,471-728-5553,cmabern7@wikimedia.org,Male,FHP-075864
847884,Matty,Klesel,636-929-8070,mkleseln8@tumblr.com,Female,IKC-189553
20339,Donica,Houselee,446-206-5763,dhouseleen9@about.me,Female,ATZ-475304
662301,Nyssa,Warton,661-965-0888,nwartonna@webeden.co.uk,Male,DBK-681410
787353,Vassily,Shetliff,273-181-9892,vshetliffnb@exblog.jp,Female,DKB-210185
427967,Kane,Grissett,720-378-7401,kgrissettnc@china.com.cn,Female,UYO-917704
726654,Ferdinand,Yurkiewicz,976-701-8494,fyurkiewicznd@gmpg.org,Male,JVX-225125
207493,Drucy,Fontenot,197-917-4715,dfontenotne@europa.eu,Male,DVC-570631
219682,Jock,Williment,705-502-0477,jwillimentnf@stumbleupon.com,Male,OOI-304270
94676,Eve,Riddall,788-269-7634,eriddallng@liveinternet.ru,Male,YMN-674111
256400,Howard,Nesfield,851-106-7590,hnesfieldnh@t-online.de,Male,WZL-478105
949057,Guthrey,Boscher,401-262-9250,gboscherni@pen.io,Male,YHC-346037
792004,Babbie,Beavors,874-723-2748,bbeavorsnj@cdbaby.com,Female,QYP-239505
501159,Jenni,Gauld,917-703-9785,jgauldnk@businesswire.com,Female,UZZ-507120
643942,Gae,Killingsworth,904-716-3064,gkillingsworthnl@mozilla.org,Female,QVI-979623
367615,Taffy,Iacomi,712-851-6102,tiacominm@w3.org,Male,EVE-505881
222827,Bathsheba,Legat,907-883-7232,blegatnn@biglobe.ne.jp,Female,ATP-517893
72859,Payton,Chang,412-423-1749,pchangno@dot.gov,Male,UTK-730942
687112,Bear,Feast,127-185-7223,bfeastnp@google.com.br,Female,MFC-601646
456482,Seamus,Cogdon,826-600-4775,scogdonnq@e-recht24.de,Female,NEX-953133
461757,Lawton,Batty,515-468-1351,lbattynr@cloudflare.com,Male,SEK-856931
425253,Onfre,Mabbutt,570-294-4386,omabbuttns@liveinternet.ru,Male,JGX-674005
631281,Leia,Giroldo,606-790-0065,lgiroldont@pagesperso-orange.fr,Female,LQY-292170
585869,Ana,Statham,191-817-8372,astathamnu@msn.com,Male,XLR-326632
690772,Lexi,Atcherley,925-944-9576,latcherleynv@livejournal.com,Male,LTB-331756
691325,Carlos,Bloomfield,854-379-0505,cbloomfieldnw@ox.ac.uk,Female,YFD-454117
860203,Sheff,Toppin,133-824-8184,stoppinnx@samsung.com,Male,XOI-159357
260281,Ed,Faiers,612-702-1078,efaiersny@adobe.com,Male,SHC-562743
585173,Cale,Mammatt,205-293-7643,cmammattnz@mysql.com,Male,YNM-826583
36485,Reina,Dorrell,782-285-6863,rdorrello0@addthis.com,Female,DWZ-542378
324981,Putnem,Ainsby,212-196-2977,painsbyo1@symantec.com,Female,BLS-306721
715328,Mirelle,Rake,293-302-0560,mrakeo2@angelfire.com,Female,ZEE-656772
715879,Petr,Sterricks,333-579-4288,psterrickso3@yellowpages.com,Male,NRU-105769
151240,Melinde,Maffei,538-952-4507,mmaffeio4@dot.gov,Male,LJL-723951
341589,Mendy,Trevithick,732-726-3501,mtrevithicko5@google.ru,Female,YMZ-008002
474486,Georgianne,Joder,878-404-3326,gjodero6@google.de,Female,RJO-237718
883296,Benni,Kirkwood,847-521-4431,bkirkwoodo7@odnoklassniki.ru,Female,PFO-264702
421353,Melonie,Berzins,395-815-8569,mberzinso8@indiatimes.com,Female,NPM-025090
986380,Otis,Storrock,115-223-2082,ostorrocko9@vkontakte.ru,Male,INB-876769
332040,Tybie,Capnor,584-587-8777,tcapnoroa@sourceforge.net,Male,CRA-420966
365627,Florri,Tofanelli,135-487-2006,ftofanelliob@ibm.com,Female,MYG-998512
480144,Ceciley,Tadgell,934-619-9888,ctadgelloc@upenn.edu,Female,OWD-482185
307529,Bertina,Dziwisz,204-953-5747,bdziwiszod@feedburner.com,Female,VAT-639597
880893,Nonie,Matzeitis,339-959-8814,nmatzeitisoe@so-net.ne.jp,Female,GLI-881269
627900,Evangeline,Ismirnioglou,907-242-8987,eismirnioglouof@psu.edu,Male,QZR-194178
399419,Willy,Yosifov,934-579-3153,wyosifovog@tumblr.com,Male,RXE-076722
307226,Kacie,Gerhts,604-257-0095,kgerhtsoh@desdev.cn,Male,QXJ-892054
288245,Ollie,Gosney,537-787-9429,ogosneyoi@bluehost.com,Female,AXQ-035801
269124,Niles,Spurling,694-115-4394,nspurlingoj@apache.org,Male,JFH-500301
668422,Marcelia,Beauchamp,270-185-8681,mbeauchampok@telegraph.co.uk,Male,TYP-463984
396741,Demetra,Prinn,664-208-9478,dprinnol@biblegateway.com,Male,YPA-668577
467560,Hermann,Lerwell,589-553-6803,hlerwellom@nasa.gov,Male,SVV-518454
170083,Neddy,Bossons,779-357-7834,nbossonson@technorati.com,Female,QKA-437982
511201,Jillayne,Cogle,775-982-0714,jcogleoo@adobe.com,Female,ZXW-040479
748358,Rikki,Pretti,101-188-6372,rprettiop@msn.com,Female,PSH-471130
324965,Nilson,Calder,503-838-9514,ncalderoq@jiathis.com,Male,AVI-921494
74993,Joelynn,Durek,925-497-9421,jdurekor@uiuc.edu,Male,ZHL-989940
969914,Vera,Attaway,579-680-3459,vattawayos@e-recht24.de,Female,MMR-942347
552020,Connie,Bazelle,683-848-3425,cbazelleot@reuters.com,Female,SDA-517210
743788,Hortense,Porkiss,635-668-5374,hporkissou@devhub.com,Female,ELN-252283
125351,Isac,Jeanequin,474-833-2471,ijeanequinov@ucoz.com,Female,WTD-489275
266844,Tamara,Kobke,215-739-7137,tkobkeow@sciencedaily.com,Female,SVM-664619
827766,Rodger,Laverty,258-682-4665,rlavertyox@amazon.com,Female,BLG-592852
769102,Alli,Snel,634-956-1656,asneloy@dailymotion.com,Male,CIX-789331
468064,Tabbi,Girard,126-791-8594,tgirardoz@comcast.net,Female,GWB-622327
26302,Elsinore,Gavahan,542-429-6328,egavahanp0@gmpg.org,Female,YGT-337593
947538,Josephine,Walsh,215-872-9062,jwalshp1@freewebs.com,Female,YRL-410341
429451,Cassandre,Waszczyk,621-523-2526,cwaszczykp2@va.gov,Male,JHU-883257
178396,Lynett,Castlake,790-913-9425,lcastlakep3@techcrunch.com,Male,VVL-764213
808494,Jenna,Wratten,304-538-7291,jwrattenp4@stumbleupon.com,Female,JUK-736916
58639,Asia,Ledgeway,638-726-7748,aledgewayp5@examiner.com,Female,OCB-956693
247503,Rozalie,Inkin,570-669-8116,rinkinp6@theglobeandmail.com,Female,ETM-433233
192495,Kelvin,Copp,659-670-6493,kcoppp7@home.pl,Male,LDY-251398
282799,Sutherland,D'Ugo,740-124-1624,sdugop8@cocolog-nifty.com,Female,UPL-954768
724808,Corbett,Ashworth,347-484-5795,cashworthp9@tamu.edu,Male,LST-796798
491545,Caren,Clines,511-563-9302,cclinespa@twitter.com,Male,XJD-561095
290744,Merrill,Harbin,139-877-5542,mharbinpb@youku.com,Male,GDR-906148
830869,Cari,Flintiff,207-186-3495,cflintiffpc@ocn.ne.jp,Male,NWY-735040
857641,Jo ann,Buret,602-519-4362,jburetpd@bbb.org,Male,EVA-689536
973333,Norine,Symson,313-819-3766,nsymsonpe@jalbum.net,Male,TPX-796463
772478,Polly,Paddle,660-764-0759,ppaddlepf@mlb.com,Male,OEC-173506
163130,Thor,Coles,838-898-6248,tcolespg@123-reg.co.uk,Female,TUY-295170
968889,Ninetta,Gleave,625-808-5822,ngleaveph@addtoany.com,Female,PBW-241758
934028,Meryl,Haysom,457-836-7551,mhaysompi@imdb.com,Female,DVP-921114
342685,Andrea,Soldi,151-913-9573,asoldipj@techcrunch.com,Female,KFH-877280
784495,Darline,Bonniface,295-758-2890,dbonnifacepk@rediff.com,Male,LRP-298562
854290,Tammie,Mead,354-422-6249,tmeadpl@ca.gov,Female,MXV-509721
557032,Dayna,Keay,929-284-4897,dkeaypm@1688.com,Female,ZFC-537030
520159,Anallese,Cuppleditch,435-865-8538,acuppleditchpn@macromedia.com,Male,TLR-951356
550617,Hamish,Hubbock,480-526-6567,hhubbockpo@cornell.edu,Female,ALU-900257
545142,Mureil,Tarquini,727-828-9294,mtarquinipp@disqus.com,Female,DMI-640381
84865,Thomasa,Yeldham,174-602-4717,tyeldhampq@fema.gov,Female,WAR-431665
631978,Ezmeralda,Gowthrop,700-689-9871,egowthroppr@cam.ac.uk,Female,JMG-636701
451451,Jannelle,Varsey,516-988-8790,jvarseyps@msn.com,Male,XEQ-964525
561454,Salome,Velareal,302-745-3485,svelarealpt@yandex.ru,Male,STM-979339
740477,Ada,Duchesne,501-380-6597,aduchesnepu@epa.gov,Male,PLV-833591
558506,Genvieve,Vivians,580-163-8842,gvivianspv@archive.org,Male,EMZ-465947
588866,Adeline,Andri,905-352-2371,aandripw@nbcnews.com,Male,WTP-904717
469817,Daniella,Rayne,173-411-0786,draynepx@biglobe.ne.jp,Male,AKL-498455
225895,Winfred,Handslip,643-709-6663,whandslippy@nps.gov,Male,ZMU-597154
286002,Hieronymus,Quarry,262-659-0202,hquarrypz@discovery.com,Female,POW-662977
645804,Nolana,Slimmon,916-310-7682,nslimmonq0@baidu.com,Female,AGD-937779
548705,Chris,Linbohm,199-755-5928,clinbohmq1@cnbc.com,Female,VGL-509751
264533,Kelcie,Sallowaye,631-881-7235,ksallowayeq2@constantcontact.com,Female,MIH-470861
475851,Reinhold,Yegorchenkov,694-301-5341,ryegorchenkovq3@umich.edu,Male,YYE-337479
274171,Jamison,Nuemann,177-701-7370,jnuemannq4@google.com.br,Male,PFV-226085
657444,Gordy,Winslade,742-841-2686,gwinsladeq5@craigslist.org,Female,ZVD-270424
911487,Channa,Ewin,460-751-2286,cewinq6@washington.edu,Female,NOG-881648
950904,Babbie,Northover,572-698-1861,bnorthoverq7@biglobe.ne.jp,Male,XWY-087690
870409,Agnes,Elflain,245-584-7047,aelflainq8@oracle.com,Male,SMV-821794
925053,Sheila-kathryn,Hubball,985-438-9719,shubballq9@zimbio.com,Male,PQS-401427
330691,Fraser,Gobourn,570-521-7668,fgobournqa@mapy.cz,Female,VUW-685459
951242,Artair,Moscrop,901-588-2697,amoscropqb@netlog.com,Male,NYR-799855
826513,Reynold,Gerg,829-365-0866,rgergqc@people.com.cn,Male,PKY-107278
531768,Sander,Balden,353-975-3809,sbaldenqd@abc.net.au,Female,FPT-589633
714428,Cameron,MacRitchie,885-392-3767,cmacritchieqe@nasa.gov,Female,QYA-836022
237652,Dorothee,Tweddell,386-508-3640,dtweddellqf@tumblr.com,Male,AOP-211419
847457,Gwenny,Boleyn,926-979-1608,gboleynqg@geocities.com,Female,HCI-895089
491007,Zorana,Rubartelli,172-924-6740,zrubartelliqh@soup.io,Female,HSU-519220
658013,Blondelle,Hucks,701-685-1240,bhucksqi@eepurl.com,Female,DNF-450008
325973,Georgena,Yexley,814-621-1791,gyexleyqj@weather.com,Male,SEB-981754
537180,Colin,Cronshaw,100-843-4614,ccronshawqk@unicef.org,Female,EKJ-120439
398482,Lin,Tilburn,696-824-5039,ltilburnql@storify.com,Male,VUY-620289
773855,Tamara,Alldread,277-485-8082,talldreadqm@vinaora.com,Female,MOH-966960
536571,Siffre,de Copeman,540-415-8726,sdecopemanqn@gizmodo.com,Male,QAK-540055
201833,Arliene,Jelly,994-403-2409,ajellyqo@scientificamerican.com,Male,DAX-561259
163702,Hirsch,Treagust,490-632-6745,htreagustqp@patch.com,Female,NJH-342636
312379,Amalea,Loton,752-216-9881,alotonqq@about.com,Male,TRN-985047
831736,Mureil,Sollom,668-248-0044,msollomqr@youtube.com,Female,TDS-594806
377199,Packston,Binney,179-942-5962,pbinneyqs@geocities.jp,Male,WCU-563078
695729,Crystal,Collingwood,340-675-1342,ccollingwoodqt@nbcnews.com,Female,IYC-069999
526253,Davida,Chaloner,984-649-7285,dchalonerqu@quantcast.com,Male,CSC-676316
844156,Petey,Larkby,719-774-4748,plarkbyqv@phoca.cz,Female,DPH-190274
991586,Baudoin,Overstone,502-667-0168,boverstoneqw@yahoo.com,Male,TEL-714700
777411,Philip,Trenchard,445-262-6608,ptrenchardqx@ow.ly,Female,EUM-822238
475382,Astra,Sorsbie,474-585-0640,asorsbieqy@chronoengine.com,Female,SQH-275480
907103,Currie,Braxay,610-515-7054,cbraxayqz@symantec.com,Male,MPU-493039
660348,Steven,Boys,870-246-4822,sboysr0@csmonitor.com,Male,PHO-823984
575330,Gib,Pigdon,761-851-8876,gpigdonr1@webmd.com,Female,LFV-627890
791664,Ennis,Sansome,133-120-3339,esansomer2@sfgate.com,Female,ACM-248612
89107,Myrvyn,Van,870-300-6178,mvanr3@over-blog.com,Male,HMO-312041
462452,Donetta,McMonnies,833-867-3655,dmcmonniesr4@alibaba.com,Male,QVN-896943
537305,Vickie,Dampier,431-472-2391,vdampierr5@wikipedia.org,Female,ZGE-736746
970440,Otis,Tilbey,610-887-1378,otilbeyr6@joomla.org,Female,EMY-374793
915314,Catherine,Scade,413-608-4498,cscader7@xinhuanet.com,Female,DHW-633918
106621,Randall,McCallam,504-699-7581,rmccallamr8@delicious.com,Male,SJN-823921
764791,Demetris,Streeten,752-266-8779,dstreetenr9@auda.org.au,Male,XGK-095102
599146,Linnie,Hingeley,131-761-2219,lhingeleyra@hibu.com,Female,QKF-811534
538197,Luigi,Sandall,591-349-5283,lsandallrb@yahoo.co.jp,Female,FMJ-197792
360480,Buckie,Salmond,135-383-0453,bsalmondrc@dailymotion.com,Female,ZIZ-594808
806468,Jerome,Biggerdike,677-994-0826,jbiggerdikerd@mac.com,Male,PAW-636926
189645,Arie,Yuryaev,269-112-1408,ayuryaevre@reuters.com,Female,UAY-813961
622857,Merell,Braisby,108-997-9842,mbraisbyrf@mozilla.com,Female,DML-797608
600201,Kele,Chellenham,889-927-0834,kchellenhamrg@simplemachines.org,Male,UKO-675772
128014,James,Danby,113-527-6774,jdanbyrh@wordpress.com,Female,WMK-917457
711124,Lezlie,Brill,891-947-9849,lbrillri@constantcontact.com,Male,IWR-195212
758704,Augy,Hiner,790-251-2155,ahinerrj@icq.com,Male,MSP-041407
691707,Kaia,Rudd,796-650-3356,kruddrk@unicef.org,Male,NNJ-270671
879323,Cris,Brunotti,952-342-0698,cbrunottirl@europa.eu,Male,TWQ-281539
738867,Nadya,Antwis,162-158-6665,nantwisrm@bravesites.com,Female,OOQ-770455
633064,Denis,Eard,411-775-4390,deardrn@wsj.com,Male,ZWM-605621
492691,Frederick,Farlambe,784-747-9226,ffarlambero@tmall.com,Male,QNK-737300
165339,Florida,Blayney,644-630-7362,fblayneyrp@fastcompany.com,Male,AVE-567386
86028,Ellissa,Stanistrete,466-109-9279,estanistreterq@51.la,Male,DLP-038098
777336,Aeriell,Hanretty,582-317-6410,ahanrettyrr@intel.com,Female,ONU-568374
